id,manufacturer,series,focal_mm,focal_max_mm,t_stop,f_stop,squeeze,close_focus_m,image_circle_mm,length_mm,weight_g,front_diameter_mm,mounts,format,source_url,notes
ancient_optics_statera_35,Ancient Optics,Statera,35,,,,1.5,,,,,,LPL,FF,https://www.oldfastglass.com/statera,Source is co-developer Old Fast Glass page (ancientoptics.com unreachable); few specs published. PL on request. Maker describes coverage as FF+.
ancient_optics_statera_40,Ancient Optics,Statera,40,,,,1.5,,,,,,LPL,FF,https://www.oldfastglass.com/statera,Source is co-developer Old Fast Glass page (ancientoptics.com unreachable); few specs published. PL on request. Maker describes coverage as FF+.
ancient_optics_statera_50,Ancient Optics,Statera,50,,2.1,,1.5,,,,,,LPL;PL,FF,https://www.oldfastglass.com/statera,Source is co-developer Old Fast Glass page (ancientoptics.com unreachable); few specs published. PL on request. Maker describes coverage as FF+.
ancient_optics_statera_75,Ancient Optics,Statera,75,,,,1.5,,,,,,LPL;PL,FF,https://www.oldfastglass.com/statera,Source is co-developer Old Fast Glass page (ancientoptics.com unreachable); few specs published. PL on request. Maker describes coverage as FF+.
ancient_optics_statera_95,Ancient Optics,Statera,95,,,,1.5,,,,,,LPL;PL,FF,https://www.oldfastglass.com/statera,Source is co-developer Old Fast Glass page (ancientoptics.com unreachable); few specs published. PL on request. Maker describes coverage as FF+.
ancient_optics_statera_135,Ancient Optics,Statera,135,,2.9,,1.5,,,,,,LPL;PL,FF,https://www.oldfastglass.com/statera,Source is co-developer Old Fast Glass page (ancientoptics.com unreachable); few specs published. PL on request. Maker describes coverage as FF+.
arri_rental_alfa_32,ARRI Rental,ALFA,32,,2.5,,2,0.686,,,2500,114,LPL,LF,https://www.arrirental.com/en/lenses/exclusive-lenses/alfa,ARRI Rental product page; rental-exclusive; close focus converted cm->m; 2x squeeze per page text; image circle/length not published
arri_rental_alfa_40,ARRI Rental,ALFA,40,,2.5,,2,0.762,,,2500,114,LPL,LF,https://www.arrirental.com/en/lenses/exclusive-lenses/alfa,ARRI Rental product page; rental-exclusive; close focus converted cm->m; 2x squeeze per page text; image circle/length not published
arri_rental_alfa_47,ARRI Rental,ALFA,47,,2.5,,2,0.737,,,2600,114,LPL,LF,https://www.arrirental.com/en/lenses/exclusive-lenses/alfa,ARRI Rental product page; rental-exclusive; close focus converted cm->m; 2x squeeze per page text; image circle/length not published
arri_rental_alfa_60,ARRI Rental,ALFA,60,,2.5,,2,0.762,,,2700,114,LPL,LF,https://www.arrirental.com/en/lenses/exclusive-lenses/alfa,ARRI Rental product page; rental-exclusive; close focus converted cm->m; 2x squeeze per page text; image circle/length not published
arri_rental_alfa_72,ARRI Rental,ALFA,72,,,,2,,,,,,LPL,LF,https://www.arrirental.com/en/lenses/exclusive-lenses/alfa,focal length listed on ARRI Rental page but per-lens table rows not retrievable (behind 'show more'); press release says T2.5 for most focal lengths
arri_rental_alfa_90,ARRI Rental,ALFA,90,,,,2,,,,,,LPL,LF,https://www.arrirental.com/en/lenses/exclusive-lenses/alfa,focal length listed on ARRI Rental page but per-lens table rows not retrievable (behind 'show more'); press release says T2.5 for most focal lengths
arri_rental_alfa_108,ARRI Rental,ALFA,108,,,,2,,,,,,LPL,LF,https://www.arrirental.com/en/lenses/exclusive-lenses/alfa,focal length listed on ARRI Rental page but per-lens table rows not retrievable (behind 'show more'); press release says T2.5 for most focal lengths
arri_rental_alfa_145,ARRI Rental,ALFA,145,,,,2,,,,,,LPL,LF,https://www.arrirental.com/en/lenses/exclusive-lenses/alfa,focal length listed on ARRI Rental page but per-lens table rows not retrievable (behind 'show more'); press release says T2.5 for most focal lengths
arri_rental_alfa_190,ARRI Rental,ALFA,190,,,,2,,,,,,LPL,LF,https://www.arrirental.com/en/lenses/exclusive-lenses/alfa,focal length listed on ARRI Rental page but per-lens table rows not retrievable (behind 'show more'); press release says T2.5 for most focal lengths
arri_zeiss_master_anamorphic_28,ARRI/ZEISS,Master Anamorphic,28,,1.9,,2,0.65,29.26,183,2500,114,PL,S35,https://www.arri.com/resource/blob/178216/d6fa949dec02494bd9f7e3ee46069aa8/master-anamorhic-data-sheets-data.pdf,ARRI data sheet; image diameter 29.26 mm; length = mount flange to front of housing; mount listed as PL-LDS
arri_zeiss_master_anamorphic_35,ARRI/ZEISS,Master Anamorphic,35,,1.9,,2,0.75,29.26,183,2600,95,PL,S35,https://www.arri.com/resource/blob/178216/d6fa949dec02494bd9f7e3ee46069aa8/master-anamorhic-data-sheets-data.pdf,ARRI data sheet; image diameter 29.26 mm; length = mount flange to front of housing; mount listed as PL-LDS
arri_zeiss_master_anamorphic_40,ARRI/ZEISS,Master Anamorphic,40,,1.9,,2,0.7,29.26,183,2700,95,PL,S35,https://www.arri.com/resource/blob/178216/d6fa949dec02494bd9f7e3ee46069aa8/master-anamorhic-data-sheets-data.pdf,ARRI data sheet; image diameter 29.26 mm; length = mount flange to front of housing; mount listed as PL-LDS
arri_zeiss_master_anamorphic_50,ARRI/ZEISS,Master Anamorphic,50,,1.9,,2,0.75,29.26,183,2600,95,PL,S35,https://www.arri.com/resource/blob/178216/d6fa949dec02494bd9f7e3ee46069aa8/master-anamorhic-data-sheets-data.pdf,ARRI data sheet; image diameter 29.26 mm; length = mount flange to front of housing; mount listed as PL-LDS
arri_zeiss_master_anamorphic_60,ARRI/ZEISS,Master Anamorphic,60,,1.9,,2,0.9,29.26,183,2700,95,PL,S35,https://www.arri.com/resource/blob/178216/d6fa949dec02494bd9f7e3ee46069aa8/master-anamorhic-data-sheets-data.pdf,ARRI data sheet; image diameter 29.26 mm; length = mount flange to front of housing; mount listed as PL-LDS
arri_zeiss_master_anamorphic_75,ARRI/ZEISS,Master Anamorphic,75,,1.9,,2,0.9,29.26,183,2600,95,PL,S35,https://www.arri.com/resource/blob/178216/d6fa949dec02494bd9f7e3ee46069aa8/master-anamorhic-data-sheets-data.pdf,ARRI data sheet; image diameter 29.26 mm; length = mount flange to front of housing; mount listed as PL-LDS
arri_zeiss_master_anamorphic_100,ARRI/ZEISS,Master Anamorphic,100,,1.9,,2,0.95,29.26,210,3100,95,PL,S35,https://www.arri.com/resource/blob/178216/d6fa949dec02494bd9f7e3ee46069aa8/master-anamorhic-data-sheets-data.pdf,ARRI data sheet; image diameter 29.26 mm; length = mount flange to front of housing; mount listed as PL-LDS
arri_zeiss_master_anamorphic_135,ARRI/ZEISS,Master Anamorphic,135,,1.9,,2,1.2,29.26,226,3700,95,PL,S35,https://www.arri.com/resource/blob/178216/d6fa949dec02494bd9f7e3ee46069aa8/master-anamorhic-data-sheets-data.pdf,"ARRI data sheet; image diameter 29.26 mm; length = mount flange to front of housing; mount listed as PL-LDS; DOUBT: 2015/2016 ARRI leaflets list 3.8 kg, data sheet 3.7 kg"
arri_zeiss_master_anamorphic_180,ARRI/ZEISS,Master Anamorphic,180,,2.8,,2,1.5,29.26,226,3200,95,PL,S35,https://www.arri.com/resource/blob/178216/d6fa949dec02494bd9f7e3ee46069aa8/master-anamorhic-data-sheets-data.pdf,ARRI data sheet; image diameter 29.26 mm; length = mount flange to front of housing; mount listed as PL-LDS
atlas_kaizen_35,Atlas Lens Co.,Kaizen,35,,2.6,,1.5,0.45,,165,1910,104,LPL,65,https://atlaslensco.com/pages/kaizen,"Reservation/pre-order only. Page gives one spec block for whole set (not per focal) - per-lens values doubtful. Coverage '65mm Format Capable', no IC number."
atlas_kaizen_40,Atlas Lens Co.,Kaizen,40,,2.6,,1.5,0.45,,165,1910,104,LPL,65,https://atlaslensco.com/pages/kaizen,"Reservation/pre-order only. Page gives one spec block for whole set (not per focal) - per-lens values doubtful. Coverage '65mm Format Capable', no IC number."
atlas_kaizen_50,Atlas Lens Co.,Kaizen,50,,2.6,,1.5,0.45,,165,1910,104,LPL,65,https://atlaslensco.com/pages/kaizen,"Reservation/pre-order only. Page gives one spec block for whole set (not per focal) - per-lens values doubtful. Coverage '65mm Format Capable', no IC number."
atlas_kaizen_75,Atlas Lens Co.,Kaizen,75,,2.6,,1.5,0.45,,165,1910,104,LPL,65,https://atlaslensco.com/pages/kaizen,"Reservation/pre-order only. Page gives one spec block for whole set (not per focal) - per-lens values doubtful. Coverage '65mm Format Capable', no IC number."
atlas_kaizen_100,Atlas Lens Co.,Kaizen,100,,2.6,,1.5,0.45,,165,1910,104,LPL,65,https://atlaslensco.com/pages/kaizen,"Reservation/pre-order only. Page gives one spec block for whole set (not per focal) - per-lens values doubtful. Coverage '65mm Format Capable', no IC number."
atlas_mercury_24,Atlas Lens Co.,Mercury,24,,2.2,,1.5,0.46,,128,1750,114,PL,FF,https://atlaslensco.com/products/mercury-series-anamorphic-lenses,"Metric values as published (cm->mm, kg->g). Image circle given only as Full Frame 36.7x25.54mm, left empty."
atlas_mercury_27,Atlas Lens Co.,Mercury,27,,2.2,,1.5,0.46,,139.7,1470,95,PL,FF,https://atlaslensco.com/products/mercury-series-anamorphic-lenses,"Metric values as published (cm->mm, kg->g). Image circle given only as Full Frame 36.7x25.54mm, left empty."
atlas_mercury_32,Atlas Lens Co.,Mercury,32,,2.2,,1.5,0.46,,136.7,,95,PL,FF,https://atlaslensco.com/products/mercury-series-anamorphic-lenses,"Metric values as published (cm->mm, kg->g). Image circle given only as Full Frame 36.7x25.54mm, left empty. Weight conflict on source: 3.25 lbs vs 2.41 kg - left empty."
atlas_mercury_36,Atlas Lens Co.,Mercury,36,,2.2,,1.5,0.46,,126,1200,95,PL,FF,https://atlaslensco.com/products/mercury-series-anamorphic-lenses,"Metric values as published (cm->mm, kg->g). Image circle given only as Full Frame 36.7x25.54mm, left empty."
atlas_mercury_42,Atlas Lens Co.,Mercury,42,,2.2,,1.5,0.56,,112,1100,95,PL,FF,https://atlaslensco.com/products/mercury-series-anamorphic-lenses,"Metric values as published (cm->mm, kg->g). Image circle given only as Full Frame 36.7x25.54mm, left empty."
atlas_mercury_54,Atlas Lens Co.,Mercury,54,,2.2,,1.5,0.76,,128,1300,95,PL,FF,https://atlaslensco.com/products/mercury-series-anamorphic-lenses,"Metric values as published (cm->mm, kg->g). Image circle given only as Full Frame 36.7x25.54mm, left empty."
atlas_mercury_72,Atlas Lens Co.,Mercury,72,,2.2,,1.5,0.91,,162,1600,95,PL,FF,https://atlaslensco.com/products/mercury-series-anamorphic-lenses,"Metric values as published (cm->mm, kg->g). Image circle given only as Full Frame 36.7x25.54mm, left empty."
atlas_mercury_95,Atlas Lens Co.,Mercury,95,,2.2,,1.5,0.91,,176,2000,95,PL,FF,https://atlaslensco.com/products/mercury-series-anamorphic-lenses,"Metric values as published (cm->mm, kg->g). Image circle given only as Full Frame 36.7x25.54mm, left empty."
atlas_mercury_138,Atlas Lens Co.,Mercury,138,,2.6,,1.5,1.2,,205,2100,95,PL,FF,https://atlaslensco.com/products/mercury-series-anamorphic-lenses,"Metric values as published (cm->mm, kg->g). Image circle given only as Full Frame 36.7x25.54mm, left empty."
atlas_orion_18,Atlas Lens Co.,Orion,18,,2,,2,0.45,31,187,3150,136,PL,S35,https://atlaslensco.com/products/orion-series-anamorphic-lenses,"Metric values as published alongside imperial (cm->mm, kg->g). Front diameter and 31mm image circle are merged table cells (136mm spans 18-28, 114mm spans 32-200; IC spans all) - doubtful. Native PL; adaptable to EF/mirrorless."
atlas_orion_21,Atlas Lens Co.,Orion,21,,2,,2,0.45,31,187,3100,136,PL,S35,https://atlaslensco.com/products/orion-series-anamorphic-lenses,"Metric values as published alongside imperial (cm->mm, kg->g). Front diameter and 31mm image circle are merged table cells (136mm spans 18-28, 114mm spans 32-200; IC spans all) - doubtful. Native PL; adaptable to EF/mirrorless."
atlas_orion_25,Atlas Lens Co.,Orion,25,,2,,2,0.45,31,187,2800,136,PL,S35,https://atlaslensco.com/products/orion-series-anamorphic-lenses,"Metric values as published alongside imperial (cm->mm, kg->g). Front diameter and 31mm image circle are merged table cells (136mm spans 18-28, 114mm spans 32-200; IC spans all) - doubtful. Native PL; adaptable to EF/mirrorless."
atlas_orion_28,Atlas Lens Co.,Orion,28,,2,,2,0.53,31,187,2900,136,PL,S35,https://atlaslensco.com/products/orion-series-anamorphic-lenses,"Metric values as published alongside imperial (cm->mm, kg->g). Front diameter and 31mm image circle are merged table cells (136mm spans 18-28, 114mm spans 32-200; IC spans all) - doubtful. Native PL; adaptable to EF/mirrorless."
atlas_orion_32,Atlas Lens Co.,Orion,32,,2,,2,0.56,31,189,2100,114,PL,S35,https://atlaslensco.com/products/orion-series-anamorphic-lenses,"Metric values as published alongside imperial (cm->mm, kg->g). Front diameter and 31mm image circle are merged table cells (136mm spans 18-28, 114mm spans 32-200; IC spans all) - doubtful. Native PL; adaptable to EF/mirrorless. 2.0ft listed as .56m (2.0ft=0.61m) - doubtful."
atlas_orion_40,Atlas Lens Co.,Orion,40,,2,,2,0.76,31,178,2400,114,PL,S35,https://atlaslensco.com/products/orion-series-anamorphic-lenses,"Metric values as published alongside imperial (cm->mm, kg->g). Front diameter and 31mm image circle are merged table cells (136mm spans 18-28, 114mm spans 32-200; IC spans all) - doubtful. Native PL; adaptable to EF/mirrorless."
atlas_orion_50,Atlas Lens Co.,Orion,50,,2,,2,0.84,31,184,2300,114,PL,S35,https://atlaslensco.com/products/orion-series-anamorphic-lenses,"Metric values as published alongside imperial (cm->mm, kg->g). Front diameter and 31mm image circle are merged table cells (136mm spans 18-28, 114mm spans 32-200; IC spans all) - doubtful. Native PL; adaptable to EF/mirrorless."
atlas_orion_65,Atlas Lens Co.,Orion,65,,2,,2,0.91,31,212,2300,114,PL,S35,https://atlaslensco.com/products/orion-series-anamorphic-lenses,"Metric values as published alongside imperial (cm->mm, kg->g). Front diameter and 31mm image circle are merged table cells (136mm spans 18-28, 114mm spans 32-200; IC spans all) - doubtful. Native PL; adaptable to EF/mirrorless."
atlas_orion_80,Atlas Lens Co.,Orion,80,,2,,2,0.91,31,250,2700,114,PL,S35,https://atlaslensco.com/products/orion-series-anamorphic-lenses,"Metric values as published alongside imperial (cm->mm, kg->g). Front diameter and 31mm image circle are merged table cells (136mm spans 18-28, 114mm spans 32-200; IC spans all) - doubtful. Native PL; adaptable to EF/mirrorless."
atlas_orion_100,Atlas Lens Co.,Orion,100,,2,,2,1.1,31,305,3000,114,PL,S35,https://atlaslensco.com/products/orion-series-anamorphic-lenses,"Metric values as published alongside imperial (cm->mm, kg->g). Front diameter and 31mm image circle are merged table cells (136mm spans 18-28, 114mm spans 32-200; IC spans all) - doubtful. Native PL; adaptable to EF/mirrorless."
atlas_orion_135,Atlas Lens Co.,Orion,135,,2.2,,2,1.1,31,329,3990,114,PL,S35,https://atlaslensco.com/products/orion-series-anamorphic-lenses,"Metric values as published alongside imperial (cm->mm, kg->g). Front diameter and 31mm image circle are merged table cells (136mm spans 18-28, 114mm spans 32-200; IC spans all) - doubtful. Native PL; adaptable to EF/mirrorless."
atlas_orion_200,Atlas Lens Co.,Orion,200,,3.2,,2,1.1,31,329,4000,114,PL,S35,https://atlaslensco.com/products/orion-series-anamorphic-lenses,"Metric values as published alongside imperial (cm->mm, kg->g). Front diameter and 31mm image circle are merged table cells (136mm spans 18-28, 114mm spans 32-200; IC spans all) - doubtful. Native PL; adaptable to EF/mirrorless."
atlas_orion_silver_edition_18,Atlas Lens Co.,Orion Silver Edition,18,,2,,2,0.45,31,187,3150,136,PL,S35,https://atlaslensco.com/products/orion-silver-edition-anamorphic-lenses,"Metric values as published alongside imperial (cm->mm, kg->g). Front diameter and 31mm image circle are merged table cells (136mm spans 18-28, 114mm spans 32-200; IC spans all) - doubtful. Native PL; adaptable to EF/mirrorless."
atlas_orion_silver_edition_21,Atlas Lens Co.,Orion Silver Edition,21,,2,,2,0.45,31,187,3100,136,PL,S35,https://atlaslensco.com/products/orion-silver-edition-anamorphic-lenses,"Metric values as published alongside imperial (cm->mm, kg->g). Front diameter and 31mm image circle are merged table cells (136mm spans 18-28, 114mm spans 32-200; IC spans all) - doubtful. Native PL; adaptable to EF/mirrorless."
atlas_orion_silver_edition_25,Atlas Lens Co.,Orion Silver Edition,25,,2,,2,0.45,31,187,2800,136,PL,S35,https://atlaslensco.com/products/orion-silver-edition-anamorphic-lenses,"Metric values as published alongside imperial (cm->mm, kg->g). Front diameter and 31mm image circle are merged table cells (136mm spans 18-28, 114mm spans 32-200; IC spans all) - doubtful. Native PL; adaptable to EF/mirrorless."
atlas_orion_silver_edition_28,Atlas Lens Co.,Orion Silver Edition,28,,2,,2,0.53,31,187,2900,136,PL,S35,https://atlaslensco.com/products/orion-silver-edition-anamorphic-lenses,"Metric values as published alongside imperial (cm->mm, kg->g). Front diameter and 31mm image circle are merged table cells (136mm spans 18-28, 114mm spans 32-200; IC spans all) - doubtful. Native PL; adaptable to EF/mirrorless."
atlas_orion_silver_edition_32,Atlas Lens Co.,Orion Silver Edition,32,,2,,2,0.56,31,189,2100,114,PL,S35,https://atlaslensco.com/products/orion-silver-edition-anamorphic-lenses,"Metric values as published alongside imperial (cm->mm, kg->g). Front diameter and 31mm image circle are merged table cells (136mm spans 18-28, 114mm spans 32-200; IC spans all) - doubtful. Native PL; adaptable to EF/mirrorless. 2.0ft listed as .56m (2.0ft=0.61m) - doubtful."
atlas_orion_silver_edition_40,Atlas Lens Co.,Orion Silver Edition,40,,2,,2,0.76,31,178,2400,114,PL,S35,https://atlaslensco.com/products/orion-silver-edition-anamorphic-lenses,"Metric values as published alongside imperial (cm->mm, kg->g). Front diameter and 31mm image circle are merged table cells (136mm spans 18-28, 114mm spans 32-200; IC spans all) - doubtful. Native PL; adaptable to EF/mirrorless."
atlas_orion_silver_edition_50,Atlas Lens Co.,Orion Silver Edition,50,,2,,2,0.84,31,184,2300,114,PL,S35,https://atlaslensco.com/products/orion-silver-edition-anamorphic-lenses,"Metric values as published alongside imperial (cm->mm, kg->g). Front diameter and 31mm image circle are merged table cells (136mm spans 18-28, 114mm spans 32-200; IC spans all) - doubtful. Native PL; adaptable to EF/mirrorless."
atlas_orion_silver_edition_65,Atlas Lens Co.,Orion Silver Edition,65,,2,,2,0.91,31,212,2300,114,PL,S35,https://atlaslensco.com/products/orion-silver-edition-anamorphic-lenses,"Metric values as published alongside imperial (cm->mm, kg->g). Front diameter and 31mm image circle are merged table cells (136mm spans 18-28, 114mm spans 32-200; IC spans all) - doubtful. Native PL; adaptable to EF/mirrorless."
atlas_orion_silver_edition_80,Atlas Lens Co.,Orion Silver Edition,80,,2,,2,0.91,31,250,2700,114,PL,S35,https://atlaslensco.com/products/orion-silver-edition-anamorphic-lenses,"Metric values as published alongside imperial (cm->mm, kg->g). Front diameter and 31mm image circle are merged table cells (136mm spans 18-28, 114mm spans 32-200; IC spans all) - doubtful. Native PL; adaptable to EF/mirrorless."
atlas_orion_silver_edition_100,Atlas Lens Co.,Orion Silver Edition,100,,2,,2,1.1,31,305,3000,114,PL,S35,https://atlaslensco.com/products/orion-silver-edition-anamorphic-lenses,"Metric values as published alongside imperial (cm->mm, kg->g). Front diameter and 31mm image circle are merged table cells (136mm spans 18-28, 114mm spans 32-200; IC spans all) - doubtful. Native PL; adaptable to EF/mirrorless."
atlas_orion_silver_edition_135,Atlas Lens Co.,Orion Silver Edition,135,,2.2,,2,1.1,31,329,3990,114,PL,S35,https://atlaslensco.com/products/orion-silver-edition-anamorphic-lenses,"Metric values as published alongside imperial (cm->mm, kg->g). Front diameter and 31mm image circle are merged table cells (136mm spans 18-28, 114mm spans 32-200; IC spans all) - doubtful. Native PL; adaptable to EF/mirrorless."
atlas_orion_silver_edition_200,Atlas Lens Co.,Orion Silver Edition,200,,3.2,,2,1.1,31,329,4000,114,PL,S35,https://atlaslensco.com/products/orion-silver-edition-anamorphic-lenses,"Metric values as published alongside imperial (cm->mm, kg->g). Front diameter and 31mm image circle are merged table cells (136mm spans 18-28, 114mm spans 32-200; IC spans all) - doubtful. Native PL; adaptable to EF/mirrorless."
blazar_cato_40,Blazar,Cato 2x,40,,2,,2,0.55,,,1020,95,PL;EF,FF,https://blazarlens.com/specs/,Coverage stated as 28.8x24mm; weight PL; length not published
blazar_cato_55,Blazar,Cato 2x,55,,2,,2,0.79,,,898,85,PL;EF,FF,https://blazarlens.com/specs/,Coverage stated as 28.8x24mm; weight PL; length not published
blazar_cato_85,Blazar,Cato 2x,85,,2.8,,2,0.77,,,927,85,PL;EF,FF,https://blazarlens.com/specs/,Coverage stated as 36x24mm; weight PL; length not published
blazar_cato_125,Blazar,Cato 2x,125,,4,,2,0.79,,,940,85,PL;EF,FF,https://blazarlens.com/specs/,Coverage stated as 36x24mm; weight PL; length not published
blazar_mantis_25,Blazar,Mantis 1.33x,25,,2.4,,1.33,0.38,,,670,80,PL;E-Mount;EF;L-Mount;RF;Nikon Z,FF,https://blazarlens.com/specs/,Covers 36x24mm; weight PL; length not published; 77mm filter
blazar_mantis_35,Blazar,Mantis 1.33x,35,,2,,1.33,0.48,,,790,80,PL;E-Mount;EF;L-Mount;RF;Nikon Z,FF,https://blazarlens.com/specs/,Covers 36x24mm; weight PL; length not published; 77mm filter
blazar_mantis_50,Blazar,Mantis 1.33x,50,,2,,1.33,0.48,,,760,80,PL;E-Mount;EF;L-Mount;RF;Nikon Z,FF,https://blazarlens.com/specs/,Covers 36x24mm; weight PL; length not published; 77mm filter
blazar_mantis_75,Blazar,Mantis 1.33x,75,,2,,1.33,0.67,,,785,80,PL;E-Mount;EF;L-Mount;RF;Nikon Z,FF,https://blazarlens.com/specs/,Covers 36x24mm; weight PL; length not published; 77mm filter
blazar_mantis_100,Blazar,Mantis 1.33x,100,,2.4,,1.33,0.67,,,770,80,PL;E-Mount;EF;L-Mount;RF;Nikon Z,FF,https://blazarlens.com/specs/,Covers 36x24mm; weight PL; length not published; 77mm filter
blazar_mantis_135,Blazar,Mantis 1.33x,135,,3.2,,1.33,1,,,800,80,PL;E-Mount;EF;L-Mount;RF;Nikon Z,FF,https://blazarlens.com/specs/,Covers 36x24mm; weight PL; length not published; 77mm filter
blazar_remus_33,Blazar,Remus 1.5x,33,,1.8,,1.5,0.49,,101,880,80,PL;EF,FF,https://blazarlens.com/specs/,Covers 36x24mm; length/weight PL; 77mm filter
blazar_remus_35,Blazar,Remus 1.5x,35,,1.6,,1.5,0.74,,93,742,80,PL;EF,S35,https://blazarlens.com/specs/,Specs page gives 25x17mm (S35) coverage; Remus page says 36x24 - doubtful; length/weight PL; 77mm filter
blazar_remus_45,Blazar,Remus 1.5x,45,,2,,1.5,0.68,,90,720,80,PL;EF,FF,https://blazarlens.com/specs/,Covers 36x24mm; length/weight PL; 77mm filter
blazar_remus_50,Blazar,Remus 1.5x,50,,2,,1.5,0.74,,90,716,80,PL;EF,FF,https://blazarlens.com/specs/,Covers 36x24mm; length/weight PL; 77mm filter
blazar_remus_65,Blazar,Remus 1.5x,65,,2,,1.5,0.69,,101,782,80,PL;EF,FF,https://blazarlens.com/specs/,Covers 36x24mm; length/weight PL; 77mm filter
blazar_remus_85,Blazar,Remus 1.5x,85,,2.8,,1.5,0.69,,104,811,80,PL;EF,FF,https://blazarlens.com/specs/,Covers 36x24mm; length/weight PL; 77mm filter
blazar_remus_100,Blazar,Remus 1.5x,100,,2.8,,1.5,0.71,,110,788,80,PL;EF,FF,https://blazarlens.com/specs/,Covers 36x24mm; length/weight PL; 77mm filter
blazar_remus_125,Blazar,Remus 1.5x,125,,4,,1.5,0.76,,114,820,80,PL;EF,FF,https://blazarlens.com/specs/,Covers 36x24mm; length/weight PL; 77mm filter
caldwell_chameleon_sc_25,Caldwell,Chameleon SC,25,,2,,1.79,,31.1,142,,114,,S35,https://www.caldwell.tv/chameleon/,"IC = maker's 'minimum coverage'. Length/front dia given once for series. Mounts, weight, close focus not published."
caldwell_chameleon_sc_32,Caldwell,Chameleon SC,32,,2,,1.79,,33.5,142,,114,,S35,https://www.caldwell.tv/chameleon/,"IC = maker's 'minimum coverage'. Length/front dia given once for series. Mounts, weight, close focus not published."
caldwell_chameleon_sc_40,Caldwell,Chameleon SC,40,,2,,1.79,,37.5,142,,114,,S35,https://www.caldwell.tv/chameleon/,"IC = maker's 'minimum coverage'. Length/front dia given once for series. Mounts, weight, close focus not published."
caldwell_chameleon_sc_50,Caldwell,Chameleon SC,50,,2,,1.79,,45,142,,114,,FF,https://www.caldwell.tv/chameleon/,"IC = maker's 'minimum coverage'. Length/front dia given once for series. Mounts, weight, close focus not published."
caldwell_chameleon_sc_60,Caldwell,Chameleon SC,60,,2,,1.79,,45,142,,114,,FF,https://www.caldwell.tv/chameleon/,"IC = maker's 'minimum coverage'. Length/front dia given once for series. Mounts, weight, close focus not published."
caldwell_chameleon_sc_75,Caldwell,Chameleon SC,75,,2,,1.79,,50,142,,114,,FF,https://www.caldwell.tv/chameleon/,"IC = maker's 'minimum coverage'. Length/front dia given once for series. Mounts, weight, close focus not published."
caldwell_chameleon_sc_100,Caldwell,Chameleon SC,100,,2.6,,1.79,,50,142,,114,,FF,https://www.caldwell.tv/chameleon/,"IC = maker's 'minimum coverage'. Length/front dia given once for series. Mounts, weight, close focus not published."
caldwell_chameleon_sc_150,Caldwell,Chameleon SC,150,,4,,1.79,,45,142,,114,,FF,https://www.caldwell.tv/chameleon/,"IC = maker's 'minimum coverage'. Length/front dia given once for series. Mounts, weight, close focus not published."
caldwell_chameleon_uw_32,Caldwell,Chameleon UW,32,,2,,1.79,,45,142,,114,,FF,https://www.caldwell.tv/chameleon/,"IC = maker's 'minimum coverage'. Length/front dia given once for series. Mounts, weight, close focus not published."
caldwell_chameleon_uw_40,Caldwell,Chameleon UW,40,,2,,1.79,,45,142,,114,,FF,https://www.caldwell.tv/chameleon/,"IC = maker's 'minimum coverage'. Length/front dia given once for series. Mounts, weight, close focus not published."
caldwell_chameleon_xlc_45,Caldwell,Chameleon XLC,45,,2.8,,1.79,,60,159,,114,,65,https://www.caldwell.tv/chameleon/,"IC = maker's 'minimum coverage' 60mm (Medium Format); format mapped to 65. Mounts, weight, close focus not published."
caldwell_chameleon_xlc_56,Caldwell,Chameleon XLC,56,,2.8,,1.79,,60,159,,114,,65,https://www.caldwell.tv/chameleon/,"IC = maker's 'minimum coverage' 60mm (Medium Format); format mapped to 65. Mounts, weight, close focus not published."
caldwell_chameleon_xlc_70,Caldwell,Chameleon XLC,70,,2.8,,1.79,,60,159,,114,,65,https://www.caldwell.tv/chameleon/,"IC = maker's 'minimum coverage' 60mm (Medium Format); format mapped to 65. Mounts, weight, close focus not published."
caldwell_chameleon_xlc_84,Caldwell,Chameleon XLC,84,,2.8,,1.79,,60,159,,114,,65,https://www.caldwell.tv/chameleon/,"IC = maker's 'minimum coverage' 60mm (Medium Format); format mapped to 65. Mounts, weight, close focus not published."
caldwell_chameleon_xlc_105,Caldwell,Chameleon XLC,105,,2.8,,1.79,,60,159,,114,,65,https://www.caldwell.tv/chameleon/,"IC = maker's 'minimum coverage' 60mm (Medium Format); format mapped to 65. Mounts, weight, close focus not published."
caldwell_chameleon_xlc_140,Caldwell,Chameleon XLC,140,,3.6,,1.79,,60,159,,114,,65,https://www.caldwell.tv/chameleon/,"IC = maker's 'minimum coverage' 60mm (Medium Format); format mapped to 65. Mounts, weight, close focus not published."
cooke_anamorphic_i_ff_32,Cooke,Anamorphic/i Full Frame Plus,32,,2.3,,1.8,0.9,43.3,206,4200,136,PL;LPL,FF,https://cookeoptics.com/wp-content/uploads/2022/10/COOKE_Anamorphic-i-Full-Frame_Specification_030623.pdf,"Cooke datasheet; 'Full Frame, optimised for coverage of 43.3 mm'; close focus = min. marked object distance; length front of lens to PL mount; weight with PL mount; SF variant shares specs"
cooke_anamorphic_i_ff_40,Cooke,Anamorphic/i Full Frame Plus,40,,2.3,,1.8,0.9,43.3,212,4400,136,PL;LPL,FF,https://cookeoptics.com/wp-content/uploads/2022/10/COOKE_Anamorphic-i-Full-Frame_Specification_030623.pdf,"Cooke datasheet; 'Full Frame, optimised for coverage of 43.3 mm'; close focus = min. marked object distance; length front of lens to PL mount; weight with PL mount; SF variant shares specs"
cooke_anamorphic_i_ff_50,Cooke,Anamorphic/i Full Frame Plus,50,,2.3,,1.8,0.85,43.3,204,4000,110,PL;LPL,FF,https://cookeoptics.com/wp-content/uploads/2022/10/COOKE_Anamorphic-i-Full-Frame_Specification_030623.pdf,"Cooke datasheet; 'Full Frame, optimised for coverage of 43.3 mm'; close focus = min. marked object distance; length front of lens to PL mount; weight with PL mount; SF variant shares specs"
cooke_anamorphic_i_ff_75,Cooke,Anamorphic/i Full Frame Plus,75,,2.3,,1.8,1,43.3,206,3500,110,PL;LPL,FF,https://cookeoptics.com/wp-content/uploads/2022/10/COOKE_Anamorphic-i-Full-Frame_Specification_030623.pdf,"Cooke datasheet; 'Full Frame, optimised for coverage of 43.3 mm'; close focus = min. marked object distance; length front of lens to PL mount; weight with PL mount; SF variant shares specs"
cooke_anamorphic_i_ff_85,Cooke,Anamorphic/i Full Frame Plus,85,,2.8,,1.8,0.55,43.3,272,5200,136,PL;LPL,FF,https://cookeoptics.com/wp-content/uploads/2022/10/COOKE_Anamorphic-i-Full-Frame_Specification_030623.pdf,"85mm Macro; Cooke datasheet; 'Full Frame, optimised for coverage of 43.3 mm'; close focus = min. marked object distance; length front of lens to PL mount; weight with PL mount; SF variant shares specs"
cooke_anamorphic_i_ff_100,Cooke,Anamorphic/i Full Frame Plus,100,,2.3,,1.8,1.2,43.3,228,3800,110,PL;LPL,FF,https://cookeoptics.com/wp-content/uploads/2022/10/COOKE_Anamorphic-i-Full-Frame_Specification_030623.pdf,"Cooke datasheet; 'Full Frame, optimised for coverage of 43.3 mm'; close focus = min. marked object distance; length front of lens to PL mount; weight with PL mount; SF variant shares specs"
cooke_anamorphic_i_ff_135,Cooke,Anamorphic/i Full Frame Plus,135,,2.3,,1.8,1.5,43.3,271,5000,110,PL;LPL,FF,https://cookeoptics.com/wp-content/uploads/2022/10/COOKE_Anamorphic-i-Full-Frame_Specification_030623.pdf,"Cooke datasheet; 'Full Frame, optimised for coverage of 43.3 mm'; close focus = min. marked object distance; length front of lens to PL mount; weight with PL mount; SF variant shares specs"
cooke_anamorphic_i_ff_180,Cooke,Anamorphic/i Full Frame Plus,180,,2.9,,1.8,2.1,43.3,314,6200,110,PL;LPL,FF,https://cookeoptics.com/wp-content/uploads/2022/10/COOKE_Anamorphic-i-Full-Frame_Specification_030623.pdf,"Cooke datasheet; 'Full Frame, optimised for coverage of 43.3 mm'; close focus = min. marked object distance; length front of lens to PL mount; weight with PL mount; SF variant shares specs"
cooke_anamorphic_i_s35_25,Cooke,Anamorphic/i S35,25,,2.3,,2,1,31.1,204,4200,136,PL;LPL,S35,https://cookeoptics.com/wp-content/uploads/2022/10/COOKE_Anamorphic-i-S35_Specification_030623.pdf,Cooke datasheet; 'optimised for coverage of 31.1 mm' (S35); close focus = min. marked object distance; length front of lens to PL mount; weight with PL mount; SF (Special Flair) variant shares specs
cooke_anamorphic_i_s35_32,Cooke,Anamorphic/i S35,32,,2.3,,2,0.85,31.1,198,3200,110,PL;LPL,S35,https://cookeoptics.com/wp-content/uploads/2022/10/COOKE_Anamorphic-i-S35_Specification_030623.pdf,Cooke datasheet; 'optimised for coverage of 31.1 mm' (S35); close focus = min. marked object distance; length front of lens to PL mount; weight with PL mount; SF (Special Flair) variant shares specs
cooke_anamorphic_i_s35_40,Cooke,Anamorphic/i S35,40,,2.3,,2,0.85,31.1,205,3400,110,PL;LPL,S35,https://cookeoptics.com/wp-content/uploads/2022/10/COOKE_Anamorphic-i-S35_Specification_030623.pdf,Cooke datasheet; 'optimised for coverage of 31.1 mm' (S35); close focus = min. marked object distance; length front of lens to PL mount; weight with PL mount; SF (Special Flair) variant shares specs
cooke_anamorphic_i_s35_50,Cooke,Anamorphic/i S35,50,,2.3,,2,0.85,31.1,205,3600,110,PL;LPL,S35,https://cookeoptics.com/wp-content/uploads/2022/10/COOKE_Anamorphic-i-S35_Specification_030623.pdf,Cooke datasheet; 'optimised for coverage of 31.1 mm' (S35); close focus = min. marked object distance; length front of lens to PL mount; weight with PL mount; SF (Special Flair) variant shares specs
cooke_anamorphic_i_s35_65,Cooke,Anamorphic/i S35,65,,2.6,,2,0.44,31.1,266,5200,136,PL;LPL,S35,https://cookeoptics.com/wp-content/uploads/2022/10/COOKE_Anamorphic-i-S35_Specification_030623.pdf,65mm Macro; Cooke datasheet; 'optimised for coverage of 31.1 mm' (S35); close focus = min. marked object distance; length front of lens to PL mount; weight with PL mount; SF (Special Flair) variant shares specs
cooke_anamorphic_i_s35_75,Cooke,Anamorphic/i S35,75,,2.3,,2,1,31.1,205,3200,110,PL;LPL,S35,https://cookeoptics.com/wp-content/uploads/2022/10/COOKE_Anamorphic-i-S35_Specification_030623.pdf,Cooke datasheet; 'optimised for coverage of 31.1 mm' (S35); close focus = min. marked object distance; length front of lens to PL mount; weight with PL mount; SF (Special Flair) variant shares specs
cooke_anamorphic_i_s35_100,Cooke,Anamorphic/i S35,100,,2.3,,2,1.2,31.1,205,3400,110,PL;LPL,S35,https://cookeoptics.com/wp-content/uploads/2022/10/COOKE_Anamorphic-i-S35_Specification_030623.pdf,Cooke datasheet; 'optimised for coverage of 31.1 mm' (S35); close focus = min. marked object distance; length front of lens to PL mount; weight with PL mount; SF (Special Flair) variant shares specs
cooke_anamorphic_i_s35_135,Cooke,Anamorphic/i S35,135,,2.3,,2,1.4,31.1,240,4200,110,PL;LPL,S35,https://cookeoptics.com/wp-content/uploads/2022/10/COOKE_Anamorphic-i-S35_Specification_030623.pdf,"Cooke datasheet; 'optimised for coverage of 31.1 mm' (S35); close focus = min. marked object distance; length front of lens to PL mount; weight with PL mount; SF (Special Flair) variant shares specs; DOUBT: sheet gives 1,400 mm / 5 ft (imperial does not match metric)"
cooke_anamorphic_i_s35_180,Cooke,Anamorphic/i S35,180,,2.8,,2,2,31.1,302,5800,110,PL;LPL,S35,https://cookeoptics.com/wp-content/uploads/2022/10/COOKE_Anamorphic-i-S35_Specification_030623.pdf,Cooke datasheet; 'optimised for coverage of 31.1 mm' (S35); close focus = min. marked object distance; length front of lens to PL mount; weight with PL mount; SF (Special Flair) variant shares specs
cooke_anamorphic_i_s35_300,Cooke,Anamorphic/i S35,300,,3.5,,2,3,31.1,381,9400,136,PL;LPL,S35,https://cookeoptics.com/wp-content/uploads/2022/10/COOKE_Anamorphic-i-S35_Specification_030623.pdf,Cooke datasheet; 'optimised for coverage of 31.1 mm' (S35); close focus = min. marked object distance; length front of lens to PL mount; weight with PL mount; SF (Special Flair) variant shares specs
dzofilm_pavo_28,DZOFilm,Pavo 2x,28,,2.1,,2,0.4,31.5,106.3,1203,95,PL;EF,S35,https://dzofilm.com/lens/anamorphic/pavo,"Length PL/EF; weight approx, mount not stated"
dzofilm_pavo_32,DZOFilm,Pavo 2x,32,,2.1,,2,0.45,31.5,105.7,1278,95,PL;EF,S35,https://dzofilm.com/lens/anamorphic/pavo,"Length PL/EF; weight approx, mount not stated"
dzofilm_pavo_40,DZOFilm,Pavo 2x,40,,2.1,,2,0.6,31.5,107.6,1300,95,PL;EF,S35,https://dzofilm.com/lens/anamorphic/pavo,"Length PL/EF; weight approx, mount not stated"
dzofilm_pavo_55,DZOFilm,Pavo 2x,55,,2.1,,2,0.366,31.5,108.4,1262,95,PL;EF,S35,https://dzofilm.com/lens/anamorphic/pavo,"DOUBTFUL MFD 0.366m as published; Length PL/EF; weight approx, mount not stated"
dzofilm_pavo_65,DZOFilm,Pavo 2x,65,,2.8,,2,0.84,31.5,160,1963,95,PL;EF,S35,https://dzofilm.com/lens/anamorphic/pavo,"Macro; Length PL/EF; weight approx, mount not stated"
dzofilm_pavo_75,DZOFilm,Pavo 2x,75,,2.1,,2,0.95,31.5,126.9,1466,95,PL;EF,S35,https://dzofilm.com/lens/anamorphic/pavo,"Length PL/EF; weight approx, mount not stated"
dzofilm_pavo_100,DZOFilm,Pavo 2x,100,,2.4,,2,0.99,31.5,143.1,1654,95,PL;EF,S35,https://dzofilm.com/lens/anamorphic/pavo,"Length PL/EF; weight approx, mount not stated"
dzofilm_pavo_135,DZOFilm,Pavo 2x,135,,2.5,,2,1.04,31.5,160,1994,95,PL;EF,S35,https://dzofilm.com/lens/anamorphic/pavo,"Length PL/EF; weight approx, mount not stated"
dzofilm_pavo_180,DZOFilm,Pavo 2x,180,,2.8,,2,1.04,31.5,160,1950,95,PL;EF,S35,https://dzofilm.com/lens/anamorphic/pavo,"Length PL/EF; weight approx, mount not stated"
hawk_vantage_class_x_28,Hawk (Vantage),Class-X,28,,2.2,,2,0.8,28.5,138,2200,125,PL,S35,https://www.vantagefilm.com/file/edee/downloads/optics/2x-hawk-anamorphic-lenses/hawk-class-x-technical-data.pdf,"Vantage datasheet; close focus = CFD (MOD 0.65 m); image_circle = image area diagonal (illumination area diagonal 29 mm, rectangular); mounts not stated in datasheet; 2x per Vantage's '2x Hawk anamorphic lenses' download category; mount not on datasheet: Vantage supplies Hawk primes in PL"
hawk_vantage_class_x_35,Hawk (Vantage),Class-X,35,,2.2,,2,0.75,30,180,3000,125,PL,S35,https://www.vantagefilm.com/file/edee/downloads/optics/2x-hawk-anamorphic-lenses/hawk-class-x-technical-data.pdf,"Vantage datasheet; close focus = CFD (MOD 0.55 m); image_circle = image area diagonal (illumination area diagonal 30.5 mm, rectangular); mounts not stated in datasheet; 2x per Vantage's '2x Hawk anamorphic lenses' download category; mount not on datasheet: Vantage supplies Hawk primes in PL"
hawk_vantage_class_x_45,Hawk (Vantage),Class-X,45,,2.2,,2,0.75,31.5,165,2500,125,PL,S35,https://www.vantagefilm.com/file/edee/downloads/optics/2x-hawk-anamorphic-lenses/hawk-class-x-technical-data.pdf,"Vantage datasheet; close focus = CFD (MOD 0.55 m); image_circle = image area diagonal (illumination area diagonal 32 mm, rectangular); mounts not stated in datasheet; 2x per Vantage's '2x Hawk anamorphic lenses' download category; mount not on datasheet: Vantage supplies Hawk primes in PL"
hawk_vantage_class_x_55,Hawk (Vantage),Class-X,55,,2.2,,2,0.75,32.5,169,2300,114,PL,S35,https://www.vantagefilm.com/file/edee/downloads/optics/2x-hawk-anamorphic-lenses/hawk-class-x-technical-data.pdf,"Vantage datasheet; close focus = CFD (MOD 0.55 m); image_circle = image area diagonal (illumination area diagonal 33 mm, rectangular); mounts not stated in datasheet; 2x per Vantage's '2x Hawk anamorphic lenses' download category; mount not on datasheet: Vantage supplies Hawk primes in PL"
hawk_vantage_class_x_55_macro,Hawk (Vantage),Class-X,55,,2.2,,2,0.35,29.5,210,3000,125,PL,S35,https://www.vantagefilm.com/file/edee/downloads/optics/2x-hawk-anamorphic-lenses/hawk-class-x-technical-data.pdf,"Macro; Vantage datasheet; close focus = CFD (MOD 0.12 m); image_circle = image area diagonal (illumination area diagonal 30 mm, rectangular); mounts not stated in datasheet; 2x per Vantage's '2x Hawk anamorphic lenses' download category; mount not on datasheet: Vantage supplies Hawk primes in PL"
hawk_vantage_class_x_65,Hawk (Vantage),Class-X,65,,2.2,,2,0.5,31.5,191,2500,114,PL,S35,https://www.vantagefilm.com/file/edee/downloads/optics/2x-hawk-anamorphic-lenses/hawk-class-x-technical-data.pdf,"Vantage datasheet; close focus = CFD (MOD 0.28 m); image_circle = image area diagonal (illumination area diagonal 32 mm, rectangular); mounts not stated in datasheet; 2x per Vantage's '2x Hawk anamorphic lenses' download category; mount not on datasheet: Vantage supplies Hawk primes in PL"
hawk_vantage_class_x_80,Hawk (Vantage),Class-X,80,,2.2,,2,0.75,34.5,193,2600,114,PL,S35,https://www.vantagefilm.com/file/edee/downloads/optics/2x-hawk-anamorphic-lenses/hawk-class-x-technical-data.pdf,"Vantage datasheet; close focus = CFD (MOD 0.55 m); image_circle = image area diagonal (illumination area diagonal 35 mm, rectangular); mounts not stated in datasheet; 2x per Vantage's '2x Hawk anamorphic lenses' download category; mount not on datasheet: Vantage supplies Hawk primes in PL"
hawk_vantage_class_x_110,Hawk (Vantage),Class-X,110,,3,,2,0.75,42,209,2800,114,PL,S35,https://www.vantagefilm.com/file/edee/downloads/optics/2x-hawk-anamorphic-lenses/hawk-class-x-technical-data.pdf,"Vantage datasheet; close focus = CFD (MOD 0.5 m); image_circle = image area diagonal (illumination area diagonal 44.5 mm, rectangular); mounts not stated in datasheet; 2x per Vantage's '2x Hawk anamorphic lenses' download category; mount not on datasheet: Vantage supplies Hawk primes in PL"
hawk_vantage_class_x_140,Hawk (Vantage),Class-X,140,,3.5,,2,0.75,42,233,3000,114,PL,S35,https://www.vantagefilm.com/file/edee/downloads/optics/2x-hawk-anamorphic-lenses/hawk-class-x-technical-data.pdf,"Vantage datasheet; close focus = CFD (MOD 0.49 m); image_circle = image area diagonal (illumination area diagonal 45 mm, rectangular); mounts not stated in datasheet; 2x per Vantage's '2x Hawk anamorphic lenses' download category; mount not on datasheet: Vantage supplies Hawk primes in PL"
hawk_vantage_hawk65_35,Hawk (Vantage),Hawk65,35,,2.2,,1.3,0.8,46,165,3500,156,PL,LF,https://www.vantagefilm.com/file/edee/downloads/optics/1.3x-hawk-anamorphic-lenses/hawk65-technical-data.pdf,"Vantage datasheet; close focus = CFD (MOD 0.61 m); image_circle = image area diagonal (illumination area diagonal 46.5 mm, rectangular); mounts not stated in datasheet; format LF: Vantage quotes angle of view for Mini LF (36.70 x 25.54 mm); mount not on datasheet: Vantage supplies Hawk primes in PL"
hawk_vantage_hawk65_40,Hawk (Vantage),Hawk65,40,,2.2,,1.3,1,48,178,3600,156,PL,LF,https://www.vantagefilm.com/file/edee/downloads/optics/1.3x-hawk-anamorphic-lenses/hawk65-technical-data.pdf,"Vantage datasheet; close focus = CFD (MOD 0.8 m); image_circle = image area diagonal (illumination area diagonal 49 mm, rectangular); mounts not stated in datasheet; format LF: Vantage quotes angle of view for Mini LF (36.70 x 25.54 mm); mount not on datasheet: Vantage supplies Hawk primes in PL"
hawk_vantage_hawk65_45,Hawk (Vantage),Hawk65,45,,2.2,,1.3,1,50,191,3800,156,PL,LF,https://www.vantagefilm.com/file/edee/downloads/optics/1.3x-hawk-anamorphic-lenses/hawk65-technical-data.pdf,"Vantage datasheet; close focus = CFD (MOD 0.8 m); image_circle = image area diagonal (illumination area diagonal 51 mm, rectangular); mounts not stated in datasheet; format LF: Vantage quotes angle of view for Mini LF (36.70 x 25.54 mm); mount not on datasheet: Vantage supplies Hawk primes in PL"
hawk_vantage_hawk65_50,Hawk (Vantage),Hawk65,50,,2.2,,1.3,0.8,51,257,3800,142,PL,LF,https://www.vantagefilm.com/file/edee/downloads/optics/1.3x-hawk-anamorphic-lenses/hawk65-technical-data.pdf,"Vantage datasheet; close focus = CFD (MOD 0.51 m); image_circle = image area diagonal (illumination area diagonal 52 mm, rectangular); mounts not stated in datasheet; format LF: Vantage quotes angle of view for Mini LF (36.70 x 25.54 mm); mount not on datasheet: Vantage supplies Hawk primes in PL"
hawk_vantage_hawk65_60,Hawk (Vantage),Hawk65,60,,2.2,,1.3,1,52,225,3300,125,PL,LF,https://www.vantagefilm.com/file/edee/downloads/optics/1.3x-hawk-anamorphic-lenses/hawk65-technical-data.pdf,"Vantage datasheet; close focus = CFD (MOD 0.74 m); image_circle = image area diagonal (illumination area diagonal 53 mm, rectangular); mounts not stated in datasheet; format LF: Vantage quotes angle of view for Mini LF (36.70 x 25.54 mm); mount not on datasheet: Vantage supplies Hawk primes in PL"
hawk_vantage_hawk65_65_macro,Hawk (Vantage),Hawk65,65,,2.2,,1.3,0.55,51.5,210,3400,125,PL,LF,https://www.vantagefilm.com/file/edee/downloads/optics/1.3x-hawk-anamorphic-lenses/hawk65-technical-data.pdf,"Macro; Vantage datasheet; close focus = CFD (MOD 0.31 m); image_circle = image area diagonal (illumination area diagonal 52.5 mm, rectangular); mounts not stated in datasheet; format LF: Vantage quotes angle of view for Mini LF (36.70 x 25.54 mm); mount not on datasheet: Vantage supplies Hawk primes in PL"
hawk_vantage_hawk65_70,Hawk (Vantage),Hawk65,70,,2.2,,1.3,1,51.5,195,2900,120,PL,LF,https://www.vantagefilm.com/file/edee/downloads/optics/1.3x-hawk-anamorphic-lenses/hawk65-technical-data.pdf,"Vantage datasheet; close focus = CFD (MOD 0.8 m); image_circle = image area diagonal (illumination area diagonal 52.5 mm, rectangular); mounts not stated in datasheet; format LF: Vantage quotes angle of view for Mini LF (36.70 x 25.54 mm); mount not on datasheet: Vantage supplies Hawk primes in PL"
hawk_vantage_hawk65_80,Hawk (Vantage),Hawk65,80,,2.8,,1.3,0.8,53.5,234,2800,104,PL,LF,https://www.vantagefilm.com/file/edee/downloads/optics/1.3x-hawk-anamorphic-lenses/hawk65-technical-data.pdf,"Vantage datasheet; close focus = CFD (MOD 0.54 m); image_circle = image area diagonal (illumination area diagonal 54 mm, rectangular); mounts not stated in datasheet; format LF: Vantage quotes angle of view for Mini LF (36.70 x 25.54 mm); mount not on datasheet: Vantage supplies Hawk primes in PL"
hawk_vantage_hawk65_95,Hawk (Vantage),Hawk65,95,,2.8,,1.3,1,54,209,2500,104,PL,LF,https://www.vantagefilm.com/file/edee/downloads/optics/1.3x-hawk-anamorphic-lenses/hawk65-technical-data.pdf,"Vantage datasheet; close focus = CFD (MOD 0.76 m); image_circle = image area diagonal (illumination area diagonal 55 mm, rectangular); mounts not stated in datasheet; format LF: Vantage quotes angle of view for Mini LF (36.70 x 25.54 mm); mount not on datasheet: Vantage supplies Hawk primes in PL"
hawk_vantage_hawk65_120,Hawk (Vantage),Hawk65,120,,2.8,,1.3,1,58,260,3900,120,PL,LF,https://www.vantagefilm.com/file/edee/downloads/optics/1.3x-hawk-anamorphic-lenses/hawk65-technical-data.pdf,"Vantage datasheet; close focus = CFD (MOD 0.71 m); image_circle = image area diagonal (illumination area diagonal 60 mm, rectangular); mounts not stated in datasheet; format LF: Vantage quotes angle of view for Mini LF (36.70 x 25.54 mm); mount not on datasheet: Vantage supplies Hawk primes in PL"
hawk_vantage_hawk65_150,Hawk (Vantage),Hawk65,150,,2.8,,1.3,1,,250,3900,120,PL,LF,https://www.vantagefilm.com/file/edee/downloads/optics/1.3x-hawk-anamorphic-lenses/hawk65-technical-data.pdf,Vantage datasheet; close focus = CFD (MOD 0.72 m); image_circle = image area diagonal; mounts not stated in datasheet; format LF: Vantage quotes angle of view for Mini LF (36.70 x 25.54 mm); image area and illumination given only as '>60mm'; mount not on datasheet: Vantage supplies Hawk primes in PL
hawk_vantage_v_lite_28,Hawk (Vantage),V-Lite,28,,2.2,,2,0.8,28.5,138,2100,120,PL,S35,https://www.vantagefilm.com/file/edee/downloads/optics/2x-hawk-anamorphic-lenses/hawk-v-lite-technical-data.pdf,Vantage datasheet; close focus = CFD (MOD 0.65 m); image_circle = image area diagonal; mounts not stated in datasheet; mount not on datasheet: Vantage supplies Hawk primes in PL
hawk_vantage_v_lite_35,Hawk (Vantage),V-Lite,35,,2.2,,2,1,30,170,2900,120,PL,S35,https://www.vantagefilm.com/file/edee/downloads/optics/2x-hawk-anamorphic-lenses/hawk-v-lite-technical-data.pdf,Vantage datasheet; close focus = CFD (MOD 0.8 m); image_circle = image area diagonal; mounts not stated in datasheet; mount not on datasheet: Vantage supplies Hawk primes in PL
hawk_vantage_v_lite_45,Hawk (Vantage),V-Lite,45,,2.2,,2,1,31.5,155,2000,104,PL,S35,https://www.vantagefilm.com/file/edee/downloads/optics/2x-hawk-anamorphic-lenses/hawk-v-lite-technical-data.pdf,Vantage datasheet; close focus = CFD (MOD 0.8 m); image_circle = image area diagonal; mounts not stated in datasheet; mount not on datasheet: Vantage supplies Hawk primes in PL
hawk_vantage_v_lite_55,Hawk (Vantage),V-Lite,55,,2.2,,2,1,32.5,155,2000,104,PL,S35,https://www.vantagefilm.com/file/edee/downloads/optics/2x-hawk-anamorphic-lenses/hawk-v-lite-technical-data.pdf,Vantage datasheet; close focus = CFD (MOD 0.8 m); image_circle = image area diagonal; mounts not stated in datasheet; mount not on datasheet: Vantage supplies Hawk primes in PL
hawk_vantage_v_lite_55_macro,Hawk (Vantage),V-Lite,55,,2.2,,2,0.35,29.5,210,3000,120,PL,S35,https://www.vantagefilm.com/file/edee/downloads/optics/2x-hawk-anamorphic-lenses/hawk-v-lite-technical-data.pdf,Macro; Vantage datasheet; close focus = CFD (MOD 0.12 m); image_circle = image area diagonal; mounts not stated in datasheet; mount not on datasheet: Vantage supplies Hawk primes in PL
hawk_vantage_v_lite_65,Hawk (Vantage),V-Lite,65,,2.2,,2,1,31.5,163,2200,104,PL,S35,https://www.vantagefilm.com/file/edee/downloads/optics/2x-hawk-anamorphic-lenses/hawk-v-lite-technical-data.pdf,Vantage datasheet; close focus = CFD (MOD 0.8 m); image_circle = image area diagonal; mounts not stated in datasheet; mount not on datasheet: Vantage supplies Hawk primes in PL
hawk_vantage_v_lite_80,Hawk (Vantage),V-Lite,80,,2.2,,2,1,34.5,183,2400,104,PL,S35,https://www.vantagefilm.com/file/edee/downloads/optics/2x-hawk-anamorphic-lenses/hawk-v-lite-technical-data.pdf,Vantage datasheet; close focus = CFD (MOD 0.8 m); image_circle = image area diagonal; mounts not stated in datasheet; mount not on datasheet: Vantage supplies Hawk primes in PL
hawk_vantage_v_lite_110,Hawk (Vantage),V-Lite,110,,3,,2,1,42,200,2700,104,PL,S35,https://www.vantagefilm.com/file/edee/downloads/optics/2x-hawk-anamorphic-lenses/hawk-v-lite-technical-data.pdf,Vantage datasheet; close focus = CFD (MOD 0.8 m); image_circle = image area diagonal; mounts not stated in datasheet; mount not on datasheet: Vantage supplies Hawk primes in PL
hawk_vantage_v_lite_140,Hawk (Vantage),V-Lite,140,,3.5,,2,1,42,226,2900,104,PL,S35,https://www.vantagefilm.com/file/edee/downloads/optics/2x-hawk-anamorphic-lenses/hawk-v-lite-technical-data.pdf,Vantage datasheet; close focus = CFD (MOD 0.75 m); image_circle = image area diagonal; mounts not stated in datasheet; mount not on datasheet: Vantage supplies Hawk primes in PL
hawk_vantage_v_lite_1_3x_20,Hawk (Vantage),V-Lite 1.3x,20,,2.2,,1.3,0.6,30,145,2500,142,PL,S35,https://www.vantagefilm.com/file/edee/downloads/optics/1.3x-hawk-anamorphic-lenses/hawk-v-lite-13x-technical-data.pdf,"Vantage datasheet; close focus = CFD (MOD 0.45 m); image_circle = image area diagonal (illumination area diagonal 31 mm, rectangular); mounts not stated in datasheet; DOUBT: which of the two diagonal columns is image vs illumination area was read from header order; mount not on datasheet: Vantage supplies Hawk primes in PL"
hawk_vantage_v_lite_1_3x_24,Hawk (Vantage),V-Lite 1.3x,24,,2.2,,1.3,0.6,30,145,2500,120,PL,S35,https://www.vantagefilm.com/file/edee/downloads/optics/1.3x-hawk-anamorphic-lenses/hawk-v-lite-13x-technical-data.pdf,"Vantage datasheet; close focus = CFD (MOD 0.45 m); image_circle = image area diagonal (illumination area diagonal 31 mm, rectangular); mounts not stated in datasheet; DOUBT: which of the two diagonal columns is image vs illumination area was read from header order; mount not on datasheet: Vantage supplies Hawk primes in PL"
hawk_vantage_v_lite_1_3x_28,Hawk (Vantage),V-Lite 1.3x,28,,2.2,,1.3,0.8,29,137,2300,120,PL,S35,https://www.vantagefilm.com/file/edee/downloads/optics/1.3x-hawk-anamorphic-lenses/hawk-v-lite-13x-technical-data.pdf,"Vantage datasheet; close focus = CFD (MOD 0.65 m); image_circle = image area diagonal (illumination area diagonal 30 mm, rectangular); mounts not stated in datasheet; DOUBT: which of the two diagonal columns is image vs illumination area was read from header order; mount not on datasheet: Vantage supplies Hawk primes in PL"
hawk_vantage_v_lite_1_3x_35,Hawk (Vantage),V-Lite 1.3x,35,,2.2,,1.3,1,32.5,170,2900,120,PL,S35,https://www.vantagefilm.com/file/edee/downloads/optics/1.3x-hawk-anamorphic-lenses/hawk-v-lite-13x-technical-data.pdf,"Vantage datasheet; close focus = CFD (MOD 0.8 m); image_circle = image area diagonal (illumination area diagonal 33.5 mm, rectangular); mounts not stated in datasheet; DOUBT: which of the two diagonal columns is image vs illumination area was read from header order; mount not on datasheet: Vantage supplies Hawk primes in PL"
hawk_vantage_v_lite_1_3x_45,Hawk (Vantage),V-Lite 1.3x,45,,2.2,,1.3,1,34,154,1900,104,PL,S35,https://www.vantagefilm.com/file/edee/downloads/optics/1.3x-hawk-anamorphic-lenses/hawk-v-lite-13x-technical-data.pdf,"Vantage datasheet; close focus = CFD (MOD 0.8 m); image_circle = image area diagonal (illumination area diagonal 34.5 mm, rectangular); mounts not stated in datasheet; DOUBT: which of the two diagonal columns is image vs illumination area was read from header order; mount not on datasheet: Vantage supplies Hawk primes in PL"
hawk_vantage_v_lite_1_3x_55,Hawk (Vantage),V-Lite 1.3x,55,,2.2,,1.3,1,35,156,2000,104,PL,S35,https://www.vantagefilm.com/file/edee/downloads/optics/1.3x-hawk-anamorphic-lenses/hawk-v-lite-13x-technical-data.pdf,"Vantage datasheet; close focus = CFD (MOD 0.8 m); image_circle = image area diagonal (illumination area diagonal 36 mm, rectangular); mounts not stated in datasheet; DOUBT: which of the two diagonal columns is image vs illumination area was read from header order; mount not on datasheet: Vantage supplies Hawk primes in PL"
hawk_vantage_v_lite_1_3x_55_macro,Hawk (Vantage),V-Lite 1.3x,55,,2.3,,1.3,0.35,34,210,3000,120,PL,S35,https://www.vantagefilm.com/file/edee/downloads/optics/1.3x-hawk-anamorphic-lenses/hawk-v-lite-13x-technical-data.pdf,"Macro; Vantage datasheet; close focus = CFD (MOD 0.12 m); image_circle = image area diagonal (illumination area diagonal 35 mm, rectangular); mounts not stated in datasheet; DOUBT: which of the two diagonal columns is image vs illumination area was read from header order; mount not on datasheet: Vantage supplies Hawk primes in PL"
hawk_vantage_v_lite_1_3x_65,Hawk (Vantage),V-Lite 1.3x,65,,2.2,,1.3,1,36.5,160,2000,104,PL,S35,https://www.vantagefilm.com/file/edee/downloads/optics/1.3x-hawk-anamorphic-lenses/hawk-v-lite-13x-technical-data.pdf,"Vantage datasheet; close focus = CFD (MOD 0.8 m); image_circle = image area diagonal (illumination area diagonal 38 mm, rectangular); mounts not stated in datasheet; DOUBT: which of the two diagonal columns is image vs illumination area was read from header order; mount not on datasheet: Vantage supplies Hawk primes in PL"
hawk_vantage_v_lite_1_3x_80,Hawk (Vantage),V-Lite 1.3x,80,,2.2,,1.3,1,36.5,185,2300,104,PL,S35,https://www.vantagefilm.com/file/edee/downloads/optics/1.3x-hawk-anamorphic-lenses/hawk-v-lite-13x-technical-data.pdf,"Vantage datasheet; close focus = CFD (MOD 0.8 m); image_circle = image area diagonal (illumination area diagonal 37.5 mm, rectangular); mounts not stated in datasheet; DOUBT: which of the two diagonal columns is image vs illumination area was read from header order; mount not on datasheet: Vantage supplies Hawk primes in PL"
hawk_vantage_v_lite_1_3x_110,Hawk (Vantage),V-Lite 1.3x,110,,3,,1.3,1,43,200,2600,104,PL,S35,https://www.vantagefilm.com/file/edee/downloads/optics/1.3x-hawk-anamorphic-lenses/hawk-v-lite-13x-technical-data.pdf,"Vantage datasheet; close focus = CFD (MOD 0.8 m); image_circle = image area diagonal (illumination area diagonal 48 mm, rectangular); mounts not stated in datasheet; DOUBT: which of the two diagonal columns is image vs illumination area was read from header order; mount not on datasheet: Vantage supplies Hawk primes in PL"
hawk_vantage_v_lite_1_3x_140,Hawk (Vantage),V-Lite 1.3x,140,,3.5,,1.3,1,43,220,2700,104,PL,S35,https://www.vantagefilm.com/file/edee/downloads/optics/1.3x-hawk-anamorphic-lenses/hawk-v-lite-13x-technical-data.pdf,"Vantage datasheet; close focus = CFD (MOD 0.75 m); image_circle = image area diagonal (illumination area diagonal 46 mm, rectangular); mounts not stated in datasheet; DOUBT: which of the two diagonal columns is image vs illumination area was read from header order; mount not on datasheet: Vantage supplies Hawk primes in PL"
hawk_vantage_v_lite_vintage74_28,Hawk (Vantage),V-Lite Vintage'74,28,,2.3,,2,0.8,28.5,138,2100,120,PL,S35,https://www.vantagefilm.com/file/edee/downloads/optics/2x-hawk-anamorphic-lenses/hawk-v-lite-vintage74-technical-data.pdf,"Vantage datasheet; close focus = CFD (MOD 0.65 m); image_circle = image area diagonal (illumination area diagonal 29 mm, rectangular); mounts not stated in datasheet; mount not on datasheet: Vantage supplies Hawk primes in PL"
hawk_vantage_v_lite_vintage74_35,Hawk (Vantage),V-Lite Vintage'74,35,,2.3,,2,1,30,170,2900,120,PL,S35,https://www.vantagefilm.com/file/edee/downloads/optics/2x-hawk-anamorphic-lenses/hawk-v-lite-vintage74-technical-data.pdf,"Vantage datasheet; close focus = CFD (MOD 0.8 m); image_circle = image area diagonal (illumination area diagonal 30.5 mm, rectangular); mounts not stated in datasheet; mount not on datasheet: Vantage supplies Hawk primes in PL"
hawk_vantage_v_lite_vintage74_45,Hawk (Vantage),V-Lite Vintage'74,45,,2.3,,2,1,31.5,155,2000,104,PL,S35,https://www.vantagefilm.com/file/edee/downloads/optics/2x-hawk-anamorphic-lenses/hawk-v-lite-vintage74-technical-data.pdf,"Vantage datasheet; close focus = CFD (MOD 0.8 m); image_circle = image area diagonal (illumination area diagonal 32 mm, rectangular); mounts not stated in datasheet; mount not on datasheet: Vantage supplies Hawk primes in PL"
hawk_vantage_v_lite_vintage74_55,Hawk (Vantage),V-Lite Vintage'74,55,,2.3,,2,1,32.5,155,2000,104,PL,S35,https://www.vantagefilm.com/file/edee/downloads/optics/2x-hawk-anamorphic-lenses/hawk-v-lite-vintage74-technical-data.pdf,"Vantage datasheet; close focus = CFD (MOD 0.8 m); image_circle = image area diagonal (illumination area diagonal 33 mm, rectangular); mounts not stated in datasheet; mount not on datasheet: Vantage supplies Hawk primes in PL"
hawk_vantage_v_lite_vintage74_55_macro,Hawk (Vantage),V-Lite Vintage'74,55,,2.3,,2,0.35,29.5,210,3000,120,PL,S35,https://www.vantagefilm.com/file/edee/downloads/optics/2x-hawk-anamorphic-lenses/hawk-v-lite-vintage74-technical-data.pdf,"Macro; Vantage datasheet; close focus = CFD (MOD 0.12 m); image_circle = image area diagonal (illumination area diagonal 30 mm, rectangular); mounts not stated in datasheet; mount not on datasheet: Vantage supplies Hawk primes in PL"
hawk_vantage_v_lite_vintage74_65,Hawk (Vantage),V-Lite Vintage'74,65,,2.3,,2,1,31.5,163,2200,104,PL,S35,https://www.vantagefilm.com/file/edee/downloads/optics/2x-hawk-anamorphic-lenses/hawk-v-lite-vintage74-technical-data.pdf,"Vantage datasheet; close focus = CFD (MOD 0.8 m); image_circle = image area diagonal (illumination area diagonal 32 mm, rectangular); mounts not stated in datasheet; mount not on datasheet: Vantage supplies Hawk primes in PL"
hawk_vantage_v_lite_vintage74_80,Hawk (Vantage),V-Lite Vintage'74,80,,2.3,,2,1,34.5,183,2400,104,PL,S35,https://www.vantagefilm.com/file/edee/downloads/optics/2x-hawk-anamorphic-lenses/hawk-v-lite-vintage74-technical-data.pdf,"Vantage datasheet; close focus = CFD (MOD 0.8 m); image_circle = image area diagonal (illumination area diagonal 35 mm, rectangular); mounts not stated in datasheet; mount not on datasheet: Vantage supplies Hawk primes in PL"
hawk_vantage_v_lite_vintage74_110,Hawk (Vantage),V-Lite Vintage'74,110,,3.1,,2,1,42,200,2700,104,PL,S35,https://www.vantagefilm.com/file/edee/downloads/optics/2x-hawk-anamorphic-lenses/hawk-v-lite-vintage74-technical-data.pdf,"Vantage datasheet; close focus = CFD (MOD 0.8 m); image_circle = image area diagonal (illumination area diagonal 44.5 mm, rectangular); mounts not stated in datasheet; mount not on datasheet: Vantage supplies Hawk primes in PL"
hawk_vantage_v_lite_vintage74_140,Hawk (Vantage),V-Lite Vintage'74,140,,3.6,,2,1,42,226,2900,104,PL,S35,https://www.vantagefilm.com/file/edee/downloads/optics/2x-hawk-anamorphic-lenses/hawk-v-lite-vintage74-technical-data.pdf,"Vantage datasheet; close focus = CFD (MOD 0.75 m); image_circle = image area diagonal (illumination area diagonal 45 mm, rectangular); mounts not stated in datasheet; mount not on datasheet: Vantage supplies Hawk primes in PL"
hawk_vantage_v_plus_30,Hawk (Vantage),V-Plus,30,,2.2,,2,0.75,28,186,6000,156,PL,S35,https://www.vantagefilm.com/file/edee/downloads/optics/2x-hawk-anamorphic-lenses/hawk-v-plus-technical-data.pdf,"Vantage datasheet; close focus = CFD (MOD 0.53 m); image_circle = image area diagonal (illumination area diagonal 28.5 mm, rectangular); mounts not stated in datasheet; 2x per Vantage's '2x Hawk anamorphic lenses' download category; DOUBT: second diagonal column labelled ambiguously by extraction (likely illumination area); mount not on datasheet: Vantage supplies Hawk primes in PL"
hawk_vantage_v_plus_35,Hawk (Vantage),V-Plus,35,,2.2,,2,0.73,30,188,5300,156,PL,S35,https://www.vantagefilm.com/file/edee/downloads/optics/2x-hawk-anamorphic-lenses/hawk-v-plus-technical-data.pdf,"Vantage datasheet; close focus = CFD (MOD 0.51 m); image_circle = image area diagonal (illumination area diagonal 30.5 mm, rectangular); mounts not stated in datasheet; 2x per Vantage's '2x Hawk anamorphic lenses' download category; DOUBT: second diagonal column labelled ambiguously by extraction (likely illumination area); mount not on datasheet: Vantage supplies Hawk primes in PL"
hawk_vantage_v_plus_40,Hawk (Vantage),V-Plus,40,,2.2,,2,0.73,31,199,5700,156,PL,S35,https://www.vantagefilm.com/file/edee/downloads/optics/2x-hawk-anamorphic-lenses/hawk-v-plus-technical-data.pdf,"Vantage datasheet; close focus = CFD (MOD 0.5 m); image_circle = image area diagonal (illumination area diagonal 31.5 mm, rectangular); mounts not stated in datasheet; 2x per Vantage's '2x Hawk anamorphic lenses' download category; DOUBT: second diagonal column labelled ambiguously by extraction (likely illumination area); mount not on datasheet: Vantage supplies Hawk primes in PL"
hawk_vantage_v_plus_50,Hawk (Vantage),V-Plus,50,,2.2,,2,0.58,30.5,203,3700,125,PL,S35,https://www.vantagefilm.com/file/edee/downloads/optics/2x-hawk-anamorphic-lenses/hawk-v-plus-technical-data.pdf,"Vantage datasheet; close focus = CFD (MOD 0.36 m); image_circle = image area diagonal (illumination area diagonal 31 mm, rectangular); mounts not stated in datasheet; 2x per Vantage's '2x Hawk anamorphic lenses' download category; DOUBT: second diagonal column labelled ambiguously by extraction (likely illumination area); mount not on datasheet: Vantage supplies Hawk primes in PL"
hawk_vantage_v_plus_65_scf,Hawk (Vantage),V-Plus,65,,3,,2,0.35,28.5,252,4400,125,PL,S35,https://www.vantagefilm.com/file/edee/downloads/optics/2x-hawk-anamorphic-lenses/hawk-v-plus-technical-data.pdf,"Super Close Focus; Vantage datasheet; close focus = CFD (MOD 0.02 m); image_circle = image area diagonal (illumination area diagonal 29 mm, rectangular); mounts not stated in datasheet; 2x per Vantage's '2x Hawk anamorphic lenses' download category; DOUBT: second diagonal column labelled ambiguously by extraction (likely illumination area); mount not on datasheet: Vantage supplies Hawk primes in PL"
hawk_vantage_v_plus_75,Hawk (Vantage),V-Plus,75,,2.2,,2,0.6,32,234,4300,125,PL,S35,https://www.vantagefilm.com/file/edee/downloads/optics/2x-hawk-anamorphic-lenses/hawk-v-plus-technical-data.pdf,"Vantage datasheet; close focus = CFD (MOD 0.34 m); image_circle = image area diagonal (illumination area diagonal 32.5 mm, rectangular); mounts not stated in datasheet; 2x per Vantage's '2x Hawk anamorphic lenses' download category; DOUBT: second diagonal column labelled ambiguously by extraction (likely illumination area); mount not on datasheet: Vantage supplies Hawk primes in PL"
hawk_vantage_v_plus_85,Hawk (Vantage),V-Plus,85,,2.2,,2,0.6,32,250,4500,125,PL,S35,https://www.vantagefilm.com/file/edee/downloads/optics/2x-hawk-anamorphic-lenses/hawk-v-plus-technical-data.pdf,"Vantage datasheet; close focus = CFD (MOD 0.32 m); image_circle = image area diagonal (illumination area diagonal 32.5 mm, rectangular); mounts not stated in datasheet; 2x per Vantage's '2x Hawk anamorphic lenses' download category; DOUBT: second diagonal column labelled ambiguously by extraction (likely illumination area); mount not on datasheet: Vantage supplies Hawk primes in PL"
hawk_vantage_v_plus_100,Hawk (Vantage),V-Plus,100,,2.2,,2,0.98,33.5,325,5700,125,PL,S35,https://www.vantagefilm.com/file/edee/downloads/optics/2x-hawk-anamorphic-lenses/hawk-v-plus-technical-data.pdf,"Vantage datasheet; close focus = CFD (MOD 0.63 m); image_circle = image area diagonal (illumination area diagonal 34.5 mm, rectangular); mounts not stated in datasheet; 2x per Vantage's '2x Hawk anamorphic lenses' download category; DOUBT: second diagonal column labelled ambiguously by extraction (likely illumination area); mount not on datasheet: Vantage supplies Hawk primes in PL"
hawk_vantage_v_plus_120_scf,Hawk (Vantage),V-Plus,120,,3.5,,2,0.42,31,335,5700,125,PL,S35,https://www.vantagefilm.com/file/edee/downloads/optics/2x-hawk-anamorphic-lenses/hawk-v-plus-technical-data.pdf,"Super Close Focus; Vantage datasheet; close focus = CFD (MOD 0.01 m); image_circle = image area diagonal (illumination area diagonal 31.5 mm, rectangular); mounts not stated in datasheet; 2x per Vantage's '2x Hawk anamorphic lenses' download category; DOUBT: second diagonal column labelled ambiguously by extraction (likely illumination area); mount not on datasheet: Vantage supplies Hawk primes in PL"
hawk_vantage_v_plus_135,Hawk (Vantage),V-Plus,135,,3,,2,0.98,35.5,325,5400,125,PL,S35,https://www.vantagefilm.com/file/edee/downloads/optics/2x-hawk-anamorphic-lenses/hawk-v-plus-technical-data.pdf,"Vantage datasheet; close focus = CFD (MOD 0.63 m); image_circle = image area diagonal (illumination area diagonal 38 mm, rectangular); mounts not stated in datasheet; 2x per Vantage's '2x Hawk anamorphic lenses' download category; DOUBT: second diagonal column labelled ambiguously by extraction (likely illumination area); mount not on datasheet: Vantage supplies Hawk primes in PL"
hawk_vantage_v_plus_150,Hawk (Vantage),V-Plus,150,,3,,2,0.98,35.5,323,5600,125,PL,S35,https://www.vantagefilm.com/file/edee/downloads/optics/2x-hawk-anamorphic-lenses/hawk-v-plus-technical-data.pdf,"Vantage datasheet; close focus = CFD (MOD 0.62 m); image_circle = image area diagonal (illumination area diagonal 38 mm, rectangular); mounts not stated in datasheet; 2x per Vantage's '2x Hawk anamorphic lenses' download category; DOUBT: second diagonal column labelled ambiguously by extraction (likely illumination area); mount not on datasheet: Vantage supplies Hawk primes in PL"
laowa_nanomorph_20,Laowa,Nanomorph 1.5x S35,20,,2.2,,1.5,0.43,,85,304,60,MFT;PL,MFT,http://laowacine.com/product/nanomorph-20mm-t2-2-mft/,MFT lens; length/weight MFT version; 60mm = body diameter; 55mm filter
laowa_nanomorph_27,Laowa,Nanomorph 1.5x S35,27,,2.8,,1.5,0.43,,,,,PL;EF;RF;E-Mount;MFT;L-Mount;Nikon Z;X-Mount;DJI DL,S35,http://laowacine.com/product/laowa-1-5x-nanomorph-27mm-t2-8-35mm-t2-4-50mm-t2-4-pl-ef/,"Per-lens length/weight only in spec image (series text: <320g, ~9cm); mirrorless mounts per laowa-1-5x-nanomorph-27mm-t2-8-35mm-t2-4-50mm-t2-4 page"
laowa_nanomorph_35,Laowa,Nanomorph 1.5x S35,35,,2.4,,1.5,0.6,,,,,PL;EF;RF;E-Mount;MFT;L-Mount;Nikon Z;X-Mount;DJI DL,S35,http://laowacine.com/product/laowa-1-5x-nanomorph-27mm-t2-8-35mm-t2-4-50mm-t2-4-pl-ef/,"Per-lens length/weight only in spec image (series text: <320g, ~9cm); mirrorless mounts per laowa-1-5x-nanomorph-27mm-t2-8-35mm-t2-4-50mm-t2-4 page"
laowa_nanomorph_50,Laowa,Nanomorph 1.5x S35,50,,2.4,,1.5,0.7,,,,,PL;EF;RF;E-Mount;MFT;L-Mount;Nikon Z;X-Mount;DJI DL,S35,http://laowacine.com/product/laowa-1-5x-nanomorph-27mm-t2-8-35mm-t2-4-50mm-t2-4-pl-ef/,"Per-lens length/weight only in spec image (series text: <320g, ~9cm); mirrorless mounts per laowa-1-5x-nanomorph-27mm-t2-8-35mm-t2-4-50mm-t2-4 page"
laowa_nanomorph_60,Laowa,Nanomorph 1.5x S35,60,,2.9,,1.5,0.24,,144,1070,80,PL;EF;RF;E-Mount;Nikon Z;L-Mount,S35,http://laowacine.com/product/nanomorph-1-5x-anamorphic-60mm-t2-9-0-5x-macro/,1:2 macro; coverage 25.6x16mm; 77mm filter
laowa_nanomorph_65,Laowa,Nanomorph 1.5x S35,65,,2.4,,1.5,0.7,,,,,PL;EF;RF;E-Mount;MFT;L-Mount;Nikon Z;X-Mount;DJI DL,S35,http://laowacine.com/product/laowa-1-5x-nanomorph-27mm-t2-8-35mm-t2-4-50mm-t2-4-pl-ef/,"Per-lens length/weight only in spec image (series text: <320g, ~9cm); mirrorless mounts per laowa-1-5x-nanomorph-27mm-t2-8-35mm-t2-4-50mm-t2-4 page"
laowa_nanomorph_80,Laowa,Nanomorph 1.5x S35,80,,2.4,,1.5,0.7,,,,,PL;EF;RF;E-Mount;MFT;L-Mount;Nikon Z;X-Mount;DJI DL,S35,http://laowacine.com/product/laowa-1-5x-nanomorph-27mm-t2-8-35mm-t2-4-50mm-t2-4-pl-ef/,"Per-lens length/weight only in spec image (series text: <320g, ~9cm); mirrorless mounts per laowa-1-5x-nanomorph-27mm-t2-8-35mm-t2-4-50mm-t2-4 page"
laowa_nanomorph_lf_32,Laowa,Nanomorph LF 1.5x,32,,2.9,,1.5,,44.71,,,,PL;EF,LF,https://laowacine.com/product/nanomorph-lf-1-5x-anamorphic-series/,MFD/length/weight only in spec image; 77mm filter
laowa_nanomorph_lf_42,Laowa,Nanomorph LF 1.5x,42,,2.9,,1.5,,44.71,,,,PL;EF,LF,https://laowacine.com/product/nanomorph-lf-1-5x-anamorphic-series/,MFD/length/weight only in spec image; 77mm filter
laowa_nanomorph_lf_55,Laowa,Nanomorph LF 1.5x,55,,2.9,,1.5,,44.71,,,,PL;EF,LF,https://laowacine.com/product/nanomorph-lf-1-5x-anamorphic-series/,MFD/length/weight only in spec image; 77mm filter
laowa_nanomorph_lf_85,Laowa,Nanomorph LF 1.5x,85,,2.9,,1.5,,44.71,,,,PL;EF,LF,https://laowacine.com/product/nanomorph-lf-1-5x-anamorphic-series/,MFD/length/weight only in spec image; 77mm filter
laowa_proteus_20,Laowa,Proteus 2x,20,,2,,2,0.55,,,,114,PL;EF,S35,https://laowacine.com/product/laowa-proteus-2x-anamorphic-series/,S35+ (21.6mm sensor height); MFD 0.55m stated for whole series; length/weight only in spec images; 105mm filter
laowa_proteus_28,Laowa,Proteus 2x,28,,2,,2,0.55,,,,114,PL;EF,S35,https://laowacine.com/product/laowa-proteus-2x-anamorphic-series/,S35+ (21.6mm sensor height); MFD 0.55m stated for whole series; length/weight only in spec images; 105mm filter
laowa_proteus_35,Laowa,Proteus 2x,35,,2,,2,0.55,,,,114,PL;EF,S35,https://laowacine.com/product/laowa-proteus-2x-anamorphic-series/,S35+ (21.6mm sensor height); MFD 0.55m stated for whole series; length/weight only in spec images; 105mm filter
laowa_proteus_45,Laowa,Proteus 2x,45,,2,,2,0.55,,,,114,PL;EF,S35,https://laowacine.com/product/laowa-proteus-2x-anamorphic-series/,S35+ (21.6mm sensor height); MFD 0.55m stated for whole series; length/weight only in spec images; 105mm filter
laowa_proteus_60,Laowa,Proteus 2x,60,,2,,2,0.55,,,,114,PL;EF,S35,https://laowacine.com/product/laowa-proteus-2x-anamorphic-series/,S35+ (21.6mm sensor height); MFD 0.55m stated for whole series; length/weight only in spec images; 105mm filter
laowa_proteus_85,Laowa,Proteus 2x,85,,2,,2,0.55,,,,114,PL;EF,S35,https://laowacine.com/product/laowa-proteus-2x-anamorphic-series/,S35+ (21.6mm sensor height); MFD 0.55m stated for whole series; length/weight only in spec images; 105mm filter
laowa_proteus_100,Laowa,Proteus 2x,100,,2,,2,0.55,,,,114,PL;EF,S35,https://laowacine.com/product/laowa-proteus-2x-anamorphic-series/,S35+ (21.6mm sensor height); MFD 0.55m stated for whole series; length/weight only in spec images; 105mm filter
p_s_technik_evolution_2x_32,P+S Technik,Evolution 2X,32,,2.4,,2,0.65,31.1,,1800,110,PL,S35,https://www.pstechnik.de/tpl/download/Evolution2X_TechnicalData_20210803.pdf,IC 31.1mm min. per datasheet; maker says 75mm and up cover Full Format. EF and other mounts available on request. Length not published in readable form.
p_s_technik_evolution_2x_40,P+S Technik,Evolution 2X,40,,2.4,,2,0.9,31.1,,1100,80,PL,S35,https://www.pstechnik.de/tpl/download/Evolution2X_TechnicalData_20210803.pdf,IC 31.1mm min. per datasheet; maker says 75mm and up cover Full Format. EF and other mounts available on request. Length not published in readable form.
p_s_technik_evolution_2x_50,P+S Technik,Evolution 2X,50,,2.4,,2,0.9,31.1,,1200,80,PL,S35,https://www.pstechnik.de/tpl/download/Evolution2X_TechnicalData_20210803.pdf,IC 31.1mm min. per datasheet; maker says 75mm and up cover Full Format. EF and other mounts available on request. Length not published in readable form.
p_s_technik_evolution_2x_75,P+S Technik,Evolution 2X,75,,2.5,,2,1,31.1,,1500,80,PL,FF,https://www.pstechnik.de/tpl/download/Evolution2X_TechnicalData_20210803.pdf,IC 31.1mm min. per datasheet; maker says 75mm and up cover Full Format. EF and other mounts available on request. Length not published in readable form. CFD 1.0m in datasheet vs 0.9m on web page - doubtful.
p_s_technik_evolution_2x_100,P+S Technik,Evolution 2X,100,,3.2,,2,1.5,31.1,,1600,80,PL,FF,https://www.pstechnik.de/tpl/download/Evolution2X_TechnicalData_20210803.pdf,IC 31.1mm min. per datasheet; maker says 75mm and up cover Full Format. EF and other mounts available on request. Length not published in readable form.
p_s_technik_evolution_2x_135,P+S Technik,Evolution 2X,135,,3.5,,2,1.5,31.1,,1900,80,PL,FF,https://www.pstechnik.de/tpl/download/Evolution2X_TechnicalData_20210803.pdf,IC 31.1mm min. per datasheet; maker says 75mm and up cover Full Format. EF and other mounts available on request. Length not published in readable form.
p_s_technik_technovision_1_5x_40,P+S Technik,Technovision 1.5X,40,,2.2,,1.5,0.66,43.3,163.6,2800,136,PL;LPL,FF,https://www.pstechnik.de/lenses/technovision-lenses,Weight/CFD from web table; front dia & IC (43.3mm min.) from TechnicalData_20211029.pdf; length = PL version from Dimensions_20200921.pdf (LPL 2mm shorter).
p_s_technik_technovision_1_5x_50,P+S Technik,Technovision 1.5X,50,,2.2,,1.5,0.66,43.3,177.8,3000,136,PL;LPL,FF,https://www.pstechnik.de/lenses/technovision-lenses,Weight/CFD from web table; front dia & IC (43.3mm min.) from TechnicalData_20211029.pdf; length = PL version from Dimensions_20200921.pdf (LPL 2mm shorter).
p_s_technik_technovision_1_5x_75,P+S Technik,Technovision 1.5X,75,,2.5,,1.5,1,43.3,261,4000,136,PL;LPL,FF,https://www.pstechnik.de/lenses/technovision-lenses,Weight/CFD from web table; front dia & IC (43.3mm min.) from TechnicalData_20211029.pdf; length = PL version from Dimensions_20200921.pdf (LPL 2mm shorter).
p_s_technik_technovision_1_5x_100,P+S Technik,Technovision 1.5X,100,,2.5,,1.5,1.05,43.3,274.8,4200,136,PL;LPL,FF,https://www.pstechnik.de/lenses/technovision-lenses,Weight/CFD from web table; front dia & IC (43.3mm min.) from TechnicalData_20211029.pdf; length = PL version from Dimensions_20200921.pdf (LPL 2mm shorter). Datasheet may list CFD 1m vs web 1.05m - doubtful.
p_s_technik_technovision_1_5x_135,P+S Technik,Technovision 1.5X,135,,2.5,,1.5,1.05,43.3,347.5,5500,136,PL;LPL,FF,https://www.pstechnik.de/lenses/technovision-lenses,Weight/CFD from web table; front dia & IC (43.3mm min.) from TechnicalData_20211029.pdf; length = PL version from Dimensions_20200921.pdf (LPL 2mm shorter).
p_s_technik_technovision_1_5x_150,P+S Technik,Technovision 1.5X,150,,2.5,,1.5,1.05,43.3,,5600,136,PL;LPL,FF,https://www.pstechnik.de/lenses/technovision-lenses,Weight/CFD from web table; front dia & IC (43.3mm min.) from TechnicalData_20211029.pdf; length = PL version from Dimensions_20200921.pdf (LPL 2mm shorter). CFD given as approx (~1.05m); no overall length published.
p_s_technik_technovision_1_5x_200,P+S Technik,Technovision 1.5X,200,,3.2,,1.5,1.05,43.3,,5300,136,PL;LPL,FF,https://www.pstechnik.de/lenses/technovision-lenses,Weight/CFD from web table; front dia & IC (43.3mm min.) from TechnicalData_20211029.pdf; length = PL version from Dimensions_20200921.pdf (LPL 2mm shorter). CFD given as approx (~1.05m); no overall length published.
panavision_c_series_35_t3,Panavision,C Series,35,,3,,2,1.219,,134,2200,113,Panavision PV,S35,https://www.panavision.com/camera-and-optics/optics/product-detail/c-c-series,"Panavision product page; close focus/length converted cm->m/mm; squeeze, mount, image circle not stated; T3 version; squeeze not stated on spec page: Panavision anamorphic primes are 2x; mount not on spec page: Panavision lenses use the Panavision PV mount"
panavision_c_series_35_t2_3,Panavision,C Series,35,,2.3,,2,0.833,,152,2400,113,Panavision PV,S35,https://www.panavision.com/camera-and-optics/optics/product-detail/c-c-series,"Panavision product page; close focus/length converted cm->m/mm; squeeze, mount, image circle not stated; T2.3 version; squeeze not stated on spec page: Panavision anamorphic primes are 2x; mount not on spec page: Panavision lenses use the Panavision PV mount"
panavision_c_series_40,Panavision,C Series,40,,2.8,,2,0.762,,116,1700,95,Panavision PV,S35,https://www.panavision.com/camera-and-optics/optics/product-detail/c-c-series,"Panavision product page; close focus/length converted cm->m/mm; squeeze, mount, image circle not stated; squeeze not stated on spec page: Panavision anamorphic primes are 2x; mount not on spec page: Panavision lenses use the Panavision PV mount"
panavision_c_series_50,Panavision,C Series,50,,2.3,,2,0.762,,147,2400,95,Panavision PV,S35,https://www.panavision.com/camera-and-optics/optics/product-detail/c-c-series,"Panavision product page; close focus/length converted cm->m/mm; squeeze, mount, image circle not stated; squeeze not stated on spec page: Panavision anamorphic primes are 2x; mount not on spec page: Panavision lenses use the Panavision PV mount"
panavision_c_series_60,Panavision,C Series,60,,2.8,,2,0.5,,155,1800,95,Panavision PV,S35,https://www.panavision.com/camera-and-optics/optics/product-detail/c-c-series,"Panavision product page; close focus/length converted cm->m/mm; squeeze, mount, image circle not stated; squeeze not stated on spec page: Panavision anamorphic primes are 2x; mount not on spec page: Panavision lenses use the Panavision PV mount"
panavision_c_series_75,Panavision,C Series,75,,2.5,,2,1.372,,142,1600,73.7,Panavision PV,S35,https://www.panavision.com/camera-and-optics/optics/product-detail/c-c-series,"Panavision product page; close focus/length converted cm->m/mm; squeeze, mount, image circle not stated; squeeze not stated on spec page: Panavision anamorphic primes are 2x; mount not on spec page: Panavision lenses use the Panavision PV mount"
panavision_c_series_100,Panavision,C Series,100,,2.8,,2,1.372,,198,2100,73.7,Panavision PV,S35,https://www.panavision.com/camera-and-optics/optics/product-detail/c-c-series,"Panavision product page; close focus/length converted cm->m/mm; squeeze, mount, image circle not stated; DOUBT: page gives front 73.7mm (3.75in), units disagree; squeeze not stated on spec page: Panavision anamorphic primes are 2x; mount not on spec page: Panavision lenses use the Panavision PV mount"
panavision_c_series_150,Panavision,C Series,150,,3.5,,2,1.524,,256,3100,95,Panavision PV,S35,https://www.panavision.com/camera-and-optics/optics/product-detail/c-c-series,"Panavision product page; close focus/length converted cm->m/mm; squeeze, mount, image circle not stated; squeeze not stated on spec page: Panavision anamorphic primes are 2x; mount not on spec page: Panavision lenses use the Panavision PV mount"
panavision_c_series_180,Panavision,C Series,180,,2.8,,2,2.13,,315,3600,95,Panavision PV,S35,https://www.panavision.com/camera-and-optics/optics/product-detail/c-c-series,"Panavision product page; close focus/length converted cm->m/mm; squeeze, mount, image circle not stated; squeeze not stated on spec page: Panavision anamorphic primes are 2x; mount not on spec page: Panavision lenses use the Panavision PV mount"
panavision_e_series_28,Panavision,E Series,28,,2.3,,2,1.219,,243,4900,158,Panavision PV,S35,https://www.panavision.com/camera-and-optics/optics/product-detail/e-e-series,"Panavision product page; close focus/length converted cm->m/mm; squeeze, mount, image circle not stated; limited quantity; DOUBT: length 24.3cm vs 8in disagree; squeeze not stated on spec page: Panavision anamorphic primes are 2x; mount not on spec page: Panavision lenses use the Panavision PV mount"
panavision_e_series_35,Panavision,E Series,35,,,,2,1.067,,,,,Panavision PV,S35,https://www.panavision.com/camera-and-optics/optics/product-detail/e-e-series,"Panavision product page; close focus/length converted cm->m/mm; squeeze, mount, image circle not stated; page gives ranges: T2-2.3, 3.8-4.5 kg, 18.0-18.8 cm length, 142.9-174.6 mm front (multiple versions); close focus 106.7cm vs 42-48in; squeeze not stated on spec page: Panavision anamorphic primes are 2x; mount not on spec page: Panavision lenses use the Panavision PV mount"
panavision_e_series_40,Panavision,E Series,40,,2,,2,1.219,,172,3200,125.4,Panavision PV,S35,https://www.panavision.com/camera-and-optics/optics/product-detail/e-e-series,"Panavision product page; close focus/length converted cm->m/mm; squeeze, mount, image circle not stated; squeeze not stated on spec page: Panavision anamorphic primes are 2x; mount not on spec page: Panavision lenses use the Panavision PV mount"
panavision_e_series_50,Panavision,E Series,50,,2,,2,1.219,,185,3400,125.4,Panavision PV,S35,https://www.panavision.com/camera-and-optics/optics/product-detail/e-e-series,"Panavision product page; close focus/length converted cm->m/mm; squeeze, mount, image circle not stated; squeeze not stated on spec page: Panavision anamorphic primes are 2x; mount not on spec page: Panavision lenses use the Panavision PV mount"
panavision_e_series_75,Panavision,E Series,75,,2,,2,1.524,,190,2500,95.3,Panavision PV,S35,https://www.panavision.com/camera-and-optics/optics/product-detail/e-e-series,"Panavision product page; close focus/length converted cm->m/mm; squeeze, mount, image circle not stated; squeeze not stated on spec page: Panavision anamorphic primes are 2x; mount not on spec page: Panavision lenses use the Panavision PV mount"
panavision_e_series_100,Panavision,E Series,100,,2.3,,2,1.524,,213,2700,113,Panavision PV,S35,https://www.panavision.com/camera-and-optics/optics/product-detail/e-e-series,"Panavision product page; close focus/length converted cm->m/mm; squeeze, mount, image circle not stated; squeeze not stated on spec page: Panavision anamorphic primes are 2x; mount not on spec page: Panavision lenses use the Panavision PV mount"
panavision_e_series_135,Panavision,E Series,135,,2.8,,2,1.143,,269,3200,113,Panavision PV,S35,https://www.panavision.com/camera-and-optics/optics/product-detail/e-e-series,"Panavision product page; close focus/length converted cm->m/mm; squeeze, mount, image circle not stated; squeeze not stated on spec page: Panavision anamorphic primes are 2x; mount not on spec page: Panavision lenses use the Panavision PV mount"
panavision_e_series_180,Panavision,E Series,180,,2.8,,2,1.372,,289,3900,113,Panavision PV,S35,https://www.panavision.com/camera-and-optics/optics/product-detail/e-e-series,"Panavision product page; close focus/length converted cm->m/mm; squeeze, mount, image circle not stated; squeeze not stated on spec page: Panavision anamorphic primes are 2x; mount not on spec page: Panavision lenses use the Panavision PV mount"
panavision_g_series_25,Panavision,G Series,25,,2.6,,2,0.762,,137,2100,125,Panavision PV,S35,https://www.panavision.com/camera-and-optics/optics/product-detail/g-g-series,"Panavision product page; close focus/length converted cm->m/mm; squeeze, mount, image circle not stated; squeeze not stated on spec page: Panavision anamorphic primes are 2x; mount not on spec page: Panavision lenses use the Panavision PV mount"
panavision_g_series_30,Panavision,G Series,30,,2.6,,2,0.762,,137,2100,125,Panavision PV,S35,https://www.panavision.com/camera-and-optics/optics/product-detail/g-g-series,"Panavision product page; close focus/length converted cm->m/mm; squeeze, mount, image circle not stated; squeeze not stated on spec page: Panavision anamorphic primes are 2x; mount not on spec page: Panavision lenses use the Panavision PV mount"
panavision_g_series_35,Panavision,G Series,35,,2.6,,2,0.914,,152,2400,113,Panavision PV,S35,https://www.panavision.com/camera-and-optics/optics/product-detail/g-g-series,"Panavision product page; close focus/length converted cm->m/mm; squeeze, mount, image circle not stated; DOUBT: page gives 2.4kg (4.4lbs), units disagree; squeeze not stated on spec page: Panavision anamorphic primes are 2x; mount not on spec page: Panavision lenses use the Panavision PV mount"
panavision_g_series_40,Panavision,G Series,40,,2.6,,2,0.914,,132,1900,113,Panavision PV,S35,https://www.panavision.com/camera-and-optics/optics/product-detail/g-g-series,"Panavision product page; close focus/length converted cm->m/mm; squeeze, mount, image circle not stated; squeeze not stated on spec page: Panavision anamorphic primes are 2x; mount not on spec page: Panavision lenses use the Panavision PV mount"
panavision_g_series_50,Panavision,G Series,50,,2.6,,2,0.914,,154,2400,113,Panavision PV,S35,https://www.panavision.com/camera-and-optics/optics/product-detail/g-g-series,"Panavision product page; close focus/length converted cm->m/mm; squeeze, mount, image circle not stated; DOUBT: page gives 2.4kg (4.4lbs), units disagree; squeeze not stated on spec page: Panavision anamorphic primes are 2x; mount not on spec page: Panavision lenses use the Panavision PV mount"
panavision_g_series_60,Panavision,G Series,60,,2.6,,2,0.914,,157,1800,113,Panavision PV,S35,https://www.panavision.com/camera-and-optics/optics/product-detail/g-g-series,"Panavision product page; close focus/length converted cm->m/mm; squeeze, mount, image circle not stated; squeeze not stated on spec page: Panavision anamorphic primes are 2x; mount not on spec page: Panavision lenses use the Panavision PV mount"
panavision_g_series_75,Panavision,G Series,75,,2.6,,2,0.914,,160,1700,113,Panavision PV,S35,https://www.panavision.com/camera-and-optics/optics/product-detail/g-g-series,"Panavision product page; close focus/length converted cm->m/mm; squeeze, mount, image circle not stated; squeeze not stated on spec page: Panavision anamorphic primes are 2x; mount not on spec page: Panavision lenses use the Panavision PV mount"
panavision_g_series_100,Panavision,G Series,100,,3,,2,0.914,,198,2400,113,Panavision PV,S35,https://www.panavision.com/camera-and-optics/optics/product-detail/g-g-series,"Panavision product page; close focus/length converted cm->m/mm; squeeze, mount, image circle not stated; DOUBT: page gives 2.4kg (4.5lbs), units disagree; squeeze not stated on spec page: Panavision anamorphic primes are 2x; mount not on spec page: Panavision lenses use the Panavision PV mount"
panavision_t_series_28,Panavision,T Series,28,,2.3,,2,0.6096,,139.7,2760,113,Panavision PV,S35,https://www.panavision.com/products/t-series-anamorphic-lenses,"Panavision product page; close focus/length converted cm->m/mm; squeeze, mount, image circle not stated; squeeze not stated on spec page: Panavision anamorphic primes are 2x; mount not on spec page: Panavision lenses use the Panavision PV mount"
panavision_t_series_35,Panavision,T Series,35,,2.3,,2,0.6096,,162.6,2960,113,Panavision PV,S35,https://www.panavision.com/products/t-series-anamorphic-lenses,"Panavision product page; close focus/length converted cm->m/mm; squeeze, mount, image circle not stated; squeeze not stated on spec page: Panavision anamorphic primes are 2x; mount not on spec page: Panavision lenses use the Panavision PV mount"
panavision_t_series_40,Panavision,T Series,40,,2.3,,2,0.4572,,154.9,2760,113,Panavision PV,S35,https://www.panavision.com/products/t-series-anamorphic-lenses,"Panavision product page; close focus/length converted cm->m/mm; squeeze, mount, image circle not stated; squeeze not stated on spec page: Panavision anamorphic primes are 2x; mount not on spec page: Panavision lenses use the Panavision PV mount"
panavision_t_series_50,Panavision,T Series,50,,2.3,,2,0.6096,,170.2,2760,113,Panavision PV,S35,https://www.panavision.com/products/t-series-anamorphic-lenses,"Panavision product page; close focus/length converted cm->m/mm; squeeze, mount, image circle not stated; squeeze not stated on spec page: Panavision anamorphic primes are 2x; mount not on spec page: Panavision lenses use the Panavision PV mount"
panavision_t_series_60,Panavision,T Series,60,,2.3,,2,0.4572,,157.5,2240,113,Panavision PV,S35,https://www.panavision.com/products/t-series-anamorphic-lenses,"Panavision product page; close focus/length converted cm->m/mm; squeeze, mount, image circle not stated; squeeze not stated on spec page: Panavision anamorphic primes are 2x; mount not on spec page: Panavision lenses use the Panavision PV mount"
panavision_t_series_75,Panavision,T Series,75,,2.3,,2,0.6096,,177.8,2430,113,Panavision PV,S35,https://www.panavision.com/products/t-series-anamorphic-lenses,"Panavision product page; close focus/length converted cm->m/mm; squeeze, mount, image circle not stated; squeeze not stated on spec page: Panavision anamorphic primes are 2x; mount not on spec page: Panavision lenses use the Panavision PV mount"
panavision_t_series_100,Panavision,T Series,100,,2.3,,2,0.6096,,195.6,2140,113,Panavision PV,S35,https://www.panavision.com/products/t-series-anamorphic-lenses,"Panavision product page; close focus/length converted cm->m/mm; squeeze, mount, image circle not stated; squeeze not stated on spec page: Panavision anamorphic primes are 2x; mount not on spec page: Panavision lenses use the Panavision PV mount"
panavision_t_series_135,Panavision,T Series,135,,2.3,,2,0.8382,,254,3270,113,Panavision PV,S35,https://www.panavision.com/products/t-series-anamorphic-lenses,"Panavision product page; close focus/length converted cm->m/mm; squeeze, mount, image circle not stated; squeeze not stated on spec page: Panavision anamorphic primes are 2x; mount not on spec page: Panavision lenses use the Panavision PV mount"
panavision_t_series_150,Panavision,T Series,150,,3.1,,2,1.0668,,269.2,3570,113,Panavision PV,S35,https://www.panavision.com/products/t-series-anamorphic-lenses,"Panavision product page; close focus/length converted cm->m/mm; squeeze, mount, image circle not stated; DOUBT: older Panavision T-series page lists 3.5 kg; squeeze not stated on spec page: Panavision anamorphic primes are 2x; mount not on spec page: Panavision lenses use the Panavision PV mount"
panavision_t_series_180,Panavision,T Series,180,,2.8,,2,1.0668,,284.5,3570,113,Panavision PV,S35,https://www.panavision.com/products/t-series-anamorphic-lenses,"Panavision product page; close focus/length converted cm->m/mm; squeeze, mount, image circle not stated; DOUBT: older Panavision T-series page lists 3.5 kg; squeeze not stated on spec page: Panavision anamorphic primes are 2x; mount not on spec page: Panavision lenses use the Panavision PV mount"
servicevision_scorpio_ffa_20,Servicevision,Scorpio Anamorphic FFA 2x,20,,2.8,,2,0.4,,,2450,95,PL,S35,https://scorpio.servicevision.es/es/producto/cameras-en/lenses-en/anamorficos-full-frame-lenses-en/scorpio-lens-anamorphic-ffa-2x/,kg->g. Listed as 'Anamorphic 2x' (not FFA) on FFA page; coverage not stated - format doubtful.
servicevision_scorpio_ffa_25,Servicevision,Scorpio Anamorphic FFA 2x,25,,2.2,,2,0.45,,,2400,95,PL,S35,https://scorpio.servicevision.es/es/producto/cameras-en/lenses-en/anamorficos-full-frame-lenses-en/scorpio-lens-anamorphic-ffa-2x/,kg->g. Listed as 'Anamorphic 2x' (not FFA) on FFA page; coverage not stated - format doubtful.
servicevision_scorpio_ffa_35,Servicevision,Scorpio Anamorphic FFA 2x,35,,2.2,,2,0.45,,,2050,95,PL,FF,https://scorpio.servicevision.es/es/producto/cameras-en/lenses-en/anamorficos-full-frame-lenses-en/scorpio-lens-anamorphic-ffa-2x/,kg->g.
servicevision_scorpio_ffa_40,Servicevision,Scorpio Anamorphic FFA 2x,40,,2.2,,2,0.5,,,2100,95,PL,FF,https://scorpio.servicevision.es/es/producto/cameras-en/lenses-en/anamorficos-full-frame-lenses-en/scorpio-lens-anamorphic-ffa-2x/,kg->g.
servicevision_scorpio_ffa_50,Servicevision,Scorpio Anamorphic FFA 2x,50,,2.2,,2,0.55,,,2050,95,PL,FF,https://scorpio.servicevision.es/es/producto/cameras-en/lenses-en/anamorficos-full-frame-lenses-en/scorpio-lens-anamorphic-ffa-2x/,kg->g.
servicevision_scorpio_ffa_60,Servicevision,Scorpio Anamorphic FFA 2x,60,,2.8,,2,0.3,,,2600,95,PL,FF,https://scorpio.servicevision.es/es/producto/cameras-en/lenses-en/anamorficos-full-frame-lenses-en/scorpio-lens-anamorphic-ffa-2x/,kg->g. 60mm Macro.
servicevision_scorpio_ffa_75,Servicevision,Scorpio Anamorphic FFA 2x,75,,2.2,,2,0.75,,,2150,95,PL,FF,https://scorpio.servicevision.es/es/producto/cameras-en/lenses-en/anamorficos-full-frame-lenses-en/scorpio-lens-anamorphic-ffa-2x/,kg->g.
servicevision_scorpio_ffa_100,Servicevision,Scorpio Anamorphic FFA 2x,100,,2.2,,2,1,,,2200,95,PL,FF,https://scorpio.servicevision.es/es/producto/cameras-en/lenses-en/anamorficos-full-frame-lenses-en/scorpio-lens-anamorphic-ffa-2x/,kg->g.
servicevision_scorpio_ffa_135,Servicevision,Scorpio Anamorphic FFA 2x,135,,2.2,,2,1,,,2150,95,PL,FF,https://scorpio.servicevision.es/es/producto/cameras-en/lenses-en/anamorficos-full-frame-lenses-en/scorpio-lens-anamorphic-ffa-2x/,kg->g.
servicevision_scorpio_ffa_150,Servicevision,Scorpio Anamorphic FFA 2x,150,,2.8,,2,1,,,2400,95,PL,FF,https://scorpio.servicevision.es/es/producto/cameras-en/lenses-en/anamorficos-full-frame-lenses-en/scorpio-lens-anamorphic-ffa-2x/,kg->g.
sirui_1_33x_apsc_24,SIRUI,1.33x APS-C anamorphic,24,,2.8,,1.33,0.6,,128.1,810,,MFT;E-Mount;X-Mount;EF-M;Nikon Z;L-Mount;RF,APS-C,https://store.sirui.com/pages/lens-spec-table,"f/2.8 (f-stop, not T-stop); length 124.9-128.1mm / weight 770-810g across mounts (max shown); 72mm filter; L/RF from product page sirui-24mm-anamorphic-lens"
sirui_1_33x_apsc_35,SIRUI,1.33x APS-C anamorphic,35,,1.8,,1.33,0.85,,117,700,,MFT;E-Mount;EF-M;Nikon Z;L-Mount;RF;X-Mount,MFT,https://store.sirui.com/pages/lens-spec-table,f/1.8 (f-stop); SIRUI lists coverage as M4/3; 67mm filter
sirui_1_33x_apsc_50,SIRUI,1.33x APS-C anamorphic,50,,1.8,,1.33,0.85,,106.6,560,68.2,E-Mount;L-Mount;RF;X-Mount;MFT,APS-C,https://store.sirui.com/products/sirui-50mm-f1-8-anamorphic-lens-1-33x,f/1.8 (f-stop); length without cap; 68.2mm = max case diameter; 67mm filter
sirui_1_33x_apsc_75,SIRUI,1.33x APS-C anamorphic,75,,1.8,,1.33,1.2,,,,,E-Mount;RF;Nikon Z;X-Mount;EF-M;MFT,APS-C,https://store.sirui.com/pages/lens-spec-table,f/1.8 (f-stop); length/weight not listed; mounts from product page 75mm-anamorphic-lens-aps-c; 67mm filter
sirui_1_33x_s35_af_20,SIRUI,1.33x S35 AF anamorphic,20,,1.8,,1.33,0.4,,90.95,489.3,86.4,E-Mount;X-Mount;Nikon Z;L-Mount;MFT,S35,https://store.sirui.com/products/sirui-20mm-t1-8-1-33x-s35-af-anamorphic-lens,Autofocus; length/weight E-mount; 77mm filter
sirui_1_33x_s35_af_40,SIRUI,1.33x S35 AF anamorphic,40,,1.8,,1.33,0.6,,123,633,86.4,E-Mount;X-Mount;Nikon Z;L-Mount;MFT,S35,https://store.sirui.com/products/sirui-40mm-t1-8-1-33x-s35-frame-autofocus-anamorphic-lens,"Autofocus; length/weight E-mount (L 120.9/635.6, X 123.3/628.5, MFT 121.8/623); 77mm filter"
sirui_astra_50,SIRUI,Astra 1.33x AF,50,,1.8,,1.33,0.5,,131,620,72,E-Mount;L-Mount;Nikon Z,FF,https://store.sirui.com/products/sirui-astra-series-1-33x-full-frame-auto-focus-anamorphic-cine-lens,Autofocus; length/weight E-mount; 67mm filter
sirui_astra_75,SIRUI,Astra 1.33x AF,75,,1.8,,1.33,0.6,,131,650,72,E-Mount;L-Mount;Nikon Z,FF,https://store.sirui.com/products/sirui-astra-series-1-33x-full-frame-auto-focus-anamorphic-cine-lens,Autofocus; length/weight E-mount; 67mm filter
sirui_astra_100,SIRUI,Astra 1.33x AF,100,,1.8,,1.33,0.7,,135.3,700,72,E-Mount;L-Mount;Nikon Z,FF,https://store.sirui.com/products/sirui-astra-series-1-33x-full-frame-auto-focus-anamorphic-cine-lens,Autofocus; length/weight E-mount; 67mm filter
sirui_ironstar_35,SIRUI,IronStar 1.5x,35,,1.9,,1.5,0.65,46,123,1024,95,PL;EF,FF,https://store.sirui.com/products/sirui-ironstar-1-5x-anamorphic-cine-lens-series,Length/weight PL; 92mm filter
sirui_ironstar_45,SIRUI,IronStar 1.5x,45,,1.9,,1.5,0.65,46,129.5,1020,95,PL;EF,FF,https://store.sirui.com/products/sirui-ironstar-1-5x-anamorphic-cine-lens-series,Length/weight PL; 92mm filter
sirui_ironstar_60,SIRUI,IronStar 1.5x,60,,1.9,,1.5,0.78,46,134,1044.6,95,PL;EF,FF,https://store.sirui.com/products/sirui-ironstar-1-5x-anamorphic-cine-lens-series,Length/weight PL; 92mm filter
sirui_ironstar_75,SIRUI,IronStar 1.5x,75,,1.9,,1.5,0.8,46,135.4,1178,95,PL;EF,FF,https://store.sirui.com/products/sirui-ironstar-75-100-135mm-t1-9-1-5x-full-frame-anamorphic-cine-lens,Length/weight PL; 92mm filter
sirui_ironstar_100,SIRUI,IronStar 1.5x,100,,2.8,,1.5,0.3,46,145.5,1109,95,PL;EF,FF,https://store.sirui.com/products/sirui-ironstar-75-100-135mm-t1-9-1-5x-full-frame-anamorphic-cine-lens,Macro; T2.8 per spec table though product title says T1.9; Length/weight PL; 92mm filter
sirui_ironstar_135,SIRUI,IronStar 1.5x,135,,2.8,,1.5,0.8,46,133,1135,95,PL;EF,FF,https://store.sirui.com/products/sirui-ironstar-75-100-135mm-t1-9-1-5x-full-frame-anamorphic-cine-lens,T2.8 per spec table though product title says T1.9; Length/weight PL; 92mm filter
sirui_mars_24,SIRUI,MARS 1.33x,24,,2.9,,1.33,,,,,,MFT,MFT,https://store.sirui.com/products/sirui-mars-1-33x-anamorphic-lens-set-for-micro-4-3,Cine-housed MFT set; only T-stop/format published (also in https://store.sirui.com/pages/lens-spec-table)
sirui_mars_35,SIRUI,MARS 1.33x,35,,2,,1.33,,,,,,MFT,MFT,https://store.sirui.com/products/sirui-mars-1-33x-anamorphic-lens-set-for-micro-4-3,Cine-housed MFT set; only T-stop/format published (also in https://store.sirui.com/pages/lens-spec-table)
sirui_mars_50,SIRUI,MARS 1.33x,50,,2,,1.33,,,,,,MFT,MFT,https://store.sirui.com/products/sirui-mars-1-33x-anamorphic-lens-set-for-micro-4-3,Cine-housed MFT set; only T-stop/format published (also in https://store.sirui.com/pages/lens-spec-table)
sirui_mars_75,SIRUI,MARS 1.33x,75,,2,,1.33,,,,,,MFT,MFT,https://store.sirui.com/products/sirui-mars-1-33x-anamorphic-lens-set-for-micro-4-3,Cine-housed MFT set; only T-stop/format published (also in https://store.sirui.com/pages/lens-spec-table)
sirui_saturn_35,SIRUI,Saturn 1.6x,35,,2.9,,1.6,0.9,,100,390,,E-Mount;RF;L-Mount;X-Mount;DJI DL,FF,https://store.sirui.com/products/saturn-35mm-50mm-75mm-full-frame-carbon-fiber-anamorphic-lens,"Length/weight = E-mount per Saturn set page; SIRUI spec table instead lists E 102mm/415g (DL 103/390, RF 100/425); MFD from 35mm product page; 58mm filter"
sirui_saturn_50,SIRUI,Saturn 1.6x,50,,2.9,,1.6,0.9,,109,455,,E-Mount;RF;L-Mount;X-Mount;DJI DL,FF,https://store.sirui.com/products/saturn-35mm-50mm-75mm-full-frame-carbon-fiber-anamorphic-lens,Length/weight E-mount; MFD 0.9m is series value from SIRUI Saturn vs Venus guide (https://store.sirui.com/blogs/guides/sirui-saturn-vs-venus-anamorphic-lens-comparison); 62mm filter
sirui_saturn_75,SIRUI,Saturn 1.6x,75,,2.9,,1.6,0.9,,112,465,,E-Mount;RF;L-Mount;X-Mount;DJI DL,FF,https://store.sirui.com/products/saturn-35mm-50mm-75mm-full-frame-carbon-fiber-anamorphic-lens,Length/weight E-mount; MFD 0.9m is series value from SIRUI Saturn vs Venus guide; 62mm filter
sirui_venus_35,SIRUI,Venus 1.6x,35,,2.9,,1.6,0.9,,121.1,971,,E-Mount;RF;L-Mount;Nikon Z,FF,https://store.sirui.com/pages/lens-spec-table,Length 117.7-121.1mm / weight 929-971g across mounts (max shown); 82mm filter; 88mm focus-ring dia
sirui_venus_50,SIRUI,Venus 1.6x,50,,2.9,,1.6,0.75,,142.9,1073.6,,E-Mount;RF;L-Mount;Nikon Z,FF,https://store.sirui.com/pages/lens-spec-table,Length 140-142.9mm / weight 1030.6-1073.6g across mounts (max shown); 82mm filter; product page says MFD 2.5ft
sirui_venus_75,SIRUI,Venus 1.6x,75,,2.9,,1.6,0.85,,157.5,1401,,E-Mount;RF;L-Mount;Nikon Z,FF,https://store.sirui.com/pages/lens-spec-table,Length 153.5-157.5mm / weight 1365-1401g across mounts (max shown); 82mm filter
sirui_venus_100,SIRUI,Venus 1.6x,100,,2.9,,1.6,0.9,,164,1499,,E-Mount;RF;L-Mount;Nikon Z,FF,https://store.sirui.com/pages/lens-spec-table,DOUBTFUL length: source lists '164mm~157.5mm' (likely typo); weight 1477-1499g across mounts (max shown); 82mm filter
sirui_venus_135,SIRUI,Venus 1.6x,135,,2.9,,1.8,0.9,,177,1311,85,E-Mount;RF;L-Mount;Nikon Z,FF,https://store.sirui.com/products/sirui-135mm-t2-9-1-8x-full-frame-anamorphic-lens,1.8x squeeze (not 1.6x); length 173-177mm / weight 1294-1311g across mounts from https://store.sirui.com/pages/lens-spec-table (max shown); 82mm thread
sirui_venus_150,SIRUI,Venus 1.6x,150,,2.9,,1.6,0.58,,,,,E-Mount;RF;L-Mount;Nikon Z,FF,https://store.sirui.com/products/venus-150mm-t2-9-1-6x-full-frame-anamorphic-lens,Length/weight not published in text; 82mm filter
viltrox_epic_25,Viltrox,EPIC 1.33x,25,,2,,1.33,0.51,,151.6,2024,102,PL,FF,https://viltrox.com/products/viltrox-epic-anamorphic-50mm-t2-0-1-33x-cine-lens-pl-mount-1,"MFD converted from feet (source gives ft only); length/weight PL, weight approx"
viltrox_epic_35,Viltrox,EPIC 1.33x,35,,2,,1.33,0.79,,133,1980,102,PL;E-Mount;L-Mount;RF,FF,https://viltrox.com/products/viltrox-epic-anamorphic-50mm-t2-0-1-33x-cine-lens-pl-mount-1,"MFD converted from feet (source gives ft only); length/weight PL, weight approx"
viltrox_epic_50,Viltrox,EPIC 1.33x,50,,2,,1.33,0.79,,133,1980,102,PL;E-Mount;L-Mount;RF,FF,https://viltrox.com/products/viltrox-epic-anamorphic-50mm-t2-0-1-33x-cine-lens-pl-mount-1,"MFD converted from feet (source gives ft only); length/weight PL, weight approx"
viltrox_epic_65,Viltrox,EPIC 1.33x,65,,2.8,,1.33,0.41,,179.1,2000,102,PL,FF,https://viltrox.com/products/viltrox-epic-anamorphic-50mm-t2-0-1-33x-cine-lens-pl-mount-1,"MFD converted from feet (source gives ft only); length/weight PL, weight approx"
viltrox_epic_75,Viltrox,EPIC 1.33x,75,,2,,1.33,0.99,,133,1980,102,PL;E-Mount;L-Mount;RF,FF,https://viltrox.com/products/viltrox-epic-anamorphic-50mm-t2-0-1-33x-cine-lens-pl-mount-1,"MFD converted from feet (source gives ft only); length/weight PL, weight approx"
viltrox_epic_100,Viltrox,EPIC 1.33x,100,,2,,1.33,0.84,,180,2690,102,PL,FF,https://viltrox.com/products/viltrox-epic-anamorphic-50mm-t2-0-1-33x-cine-lens-pl-mount-1,"MFD converted from feet (source gives ft only); length/weight PL, weight approx"
viltrox_epic_135,Viltrox,EPIC 1.33x,135,,2.4,,1.33,1.02,,184.6,2098,102,PL,FF,https://viltrox.com/products/viltrox-epic-anamorphic-50mm-t2-0-1-33x-cine-lens-pl-mount-1,"MFD converted from feet (source gives ft only); length/weight PL, weight approx"
arri_signature_prime_12,ARRI,Signature Prime,12,,1.8,,1,0.35,46,239,2800,134,LPL,LF,https://www.arri.com/en/cine-lenses/signature-lenses/signature-primes-zooms/signature-primes/technical-data-signature-prime,Close focus from sensor; length from flange; IC 46 mm per ARRI Signature overview page ('LPL... image circles up to 46 mm'); weight kg->g. 12mm footnoted 'optical image rotation'.
arri_signature_prime_15,ARRI,Signature Prime,15,,1.8,,1,0.35,46,197,2800,156,LPL,LF,https://www.arri.com/en/cine-lenses/signature-lenses/signature-primes-zooms/signature-primes/technical-data-signature-prime,Close focus from sensor; length from flange; IC 46 mm per ARRI Signature overview page ('LPL... image circles up to 46 mm'); weight kg->g.
arri_signature_prime_18,ARRI,Signature Prime,18,,1.8,,1,0.35,46,178,2000,114,LPL,LF,https://www.arri.com/en/cine-lenses/signature-lenses/signature-primes-zooms/signature-primes/technical-data-signature-prime,Close focus from sensor; length from flange; IC 46 mm per ARRI Signature overview page ('LPL... image circles up to 46 mm'); weight kg->g.
arri_signature_prime_21,ARRI,Signature Prime,21,,1.8,,1,0.35,46,178,1900,114,LPL,LF,https://www.arri.com/en/cine-lenses/signature-lenses/signature-primes-zooms/signature-primes/technical-data-signature-prime,Close focus from sensor; length from flange; IC 46 mm per ARRI Signature overview page ('LPL... image circles up to 46 mm'); weight kg->g.
arri_signature_prime_25,ARRI,Signature Prime,25,,1.8,,1,0.35,46,178,1900,114,LPL,LF,https://www.arri.com/en/cine-lenses/signature-lenses/signature-primes-zooms/signature-primes/technical-data-signature-prime,Close focus from sensor; length from flange; IC 46 mm per ARRI Signature overview page ('LPL... image circles up to 46 mm'); weight kg->g.
arri_signature_prime_29,ARRI,Signature Prime,29,,1.8,,1,0.35,46,178,1800,114,LPL,LF,https://www.arri.com/en/cine-lenses/signature-lenses/signature-primes-zooms/signature-primes/technical-data-signature-prime,Close focus from sensor; length from flange; IC 46 mm per ARRI Signature overview page ('LPL... image circles up to 46 mm'); weight kg->g.
arri_signature_prime_35,ARRI,Signature Prime,35,,1.8,,1,0.35,46,178,1700,114,LPL,LF,https://www.arri.com/en/cine-lenses/signature-lenses/signature-primes-zooms/signature-primes/technical-data-signature-prime,Close focus from sensor; length from flange; IC 46 mm per ARRI Signature overview page ('LPL... image circles up to 46 mm'); weight kg->g.
arri_signature_prime_40,ARRI,Signature Prime,40,,1.8,,1,0.35,46,178,1800,114,LPL,LF,https://www.arri.com/en/cine-lenses/signature-lenses/signature-primes-zooms/signature-primes/technical-data-signature-prime,Close focus from sensor; length from flange; IC 46 mm per ARRI Signature overview page ('LPL... image circles up to 46 mm'); weight kg->g.
arri_signature_prime_47,ARRI,Signature Prime,47,,1.8,,1,0.45,46,178,1800,114,LPL,LF,https://www.arri.com/en/cine-lenses/signature-lenses/signature-primes-zooms/signature-primes/technical-data-signature-prime,Close focus from sensor; length from flange; IC 46 mm per ARRI Signature overview page ('LPL... image circles up to 46 mm'); weight kg->g.
arri_signature_prime_58,ARRI,Signature Prime,58,,1.8,,1,0.45,46,178,2000,114,LPL,LF,https://www.arri.com/en/cine-lenses/signature-lenses/signature-primes-zooms/signature-primes/technical-data-signature-prime,Close focus from sensor; length from flange; IC 46 mm per ARRI Signature overview page ('LPL... image circles up to 46 mm'); weight kg->g.
arri_signature_prime_75,ARRI,Signature Prime,75,,1.8,,1,0.65,46,178,1900,114,LPL,LF,https://www.arri.com/en/cine-lenses/signature-lenses/signature-primes-zooms/signature-primes/technical-data-signature-prime,Close focus from sensor; length from flange; IC 46 mm per ARRI Signature overview page ('LPL... image circles up to 46 mm'); weight kg->g.
arri_signature_prime_95,ARRI,Signature Prime,95,,1.8,,1,0.85,46,178,1900,114,LPL,LF,https://www.arri.com/en/cine-lenses/signature-lenses/signature-primes-zooms/signature-primes/technical-data-signature-prime,Close focus from sensor; length from flange; IC 46 mm per ARRI Signature overview page ('LPL... image circles up to 46 mm'); weight kg->g.
arri_signature_prime_125,ARRI,Signature Prime,125,,1.8,,1,1.0,46,178,2300,114,LPL,LF,https://www.arri.com/en/cine-lenses/signature-lenses/signature-primes-zooms/signature-primes/technical-data-signature-prime,Close focus from sensor; length from flange; IC 46 mm per ARRI Signature overview page ('LPL... image circles up to 46 mm'); weight kg->g.
arri_signature_prime_150,ARRI,Signature Prime,150,,1.8,,1,1.5,46,208,3250,114,LPL,LF,https://www.arri.com/en/cine-lenses/signature-lenses/signature-primes-zooms/signature-primes/technical-data-signature-prime,Close focus from sensor; length from flange; IC 46 mm per ARRI Signature overview page ('LPL... image circles up to 46 mm'); weight kg->g.
arri_signature_prime_200,ARRI,Signature Prime,200,,2.5,,1,1.8,46,218,3100,114,LPL,LF,https://www.arri.com/en/cine-lenses/signature-lenses/signature-primes-zooms/signature-primes/technical-data-signature-prime,Close focus from sensor; length from flange; IC 46 mm per ARRI Signature overview page ('LPL... image circles up to 46 mm'); weight kg->g.
arri_signature_prime_280,ARRI,Signature Prime,280,,2.8,,1,2.5,46,278,4300,134,LPL,LF,https://www.arri.com/en/cine-lenses/signature-lenses/signature-primes-zooms/signature-primes/technical-data-signature-prime,"Close focus from sensor; length from flange; IC 46 mm per ARRI Signature overview page ('LPL... image circles up to 46 mm'); weight kg->g. Also offered with 1.7x extender (T4.95, MOD 2.54 m, 4.9 kg)."
arri_zeiss_master_prime_12,ARRI/ZEISS,Master Prime,12,,1.3,,1,0.4,,197,2900,156,PL,S35,https://www.arri.com/en/cine-lenses/arri-zeiss-fujinon-lenses/master-primes/master-primes/arri-master-prime-technical-data,"Page lists two length values (197 / 249 mm, footnote refs not shown); first used. Mount PL LDS. Page gives only S35 format diagonals (27.2/30.0/31.14 mm), no lens IC. Weight kg->g."
arri_zeiss_master_prime_14,ARRI/ZEISS,Master Prime,14,,1.3,,1,0.35,,172,2400,114,PL,S35,https://www.arri.com/en/cine-lenses/arri-zeiss-fujinon-lenses/master-primes/master-primes/arri-master-prime-technical-data,"Page lists two length values (172 / 224 mm, footnote refs not shown); first used. Mount PL LDS. Page gives only S35 format diagonals (27.2/30.0/31.14 mm), no lens IC. Weight kg->g."
arri_zeiss_master_prime_16,ARRI/ZEISS,Master Prime,16,,1.3,,1,0.35,,153,2200,114,PL,S35,https://www.arri.com/en/cine-lenses/arri-zeiss-fujinon-lenses/master-primes/master-primes/arri-master-prime-technical-data,"Page lists two length values (153 / 205 mm, footnote refs not shown); first used. Mount PL LDS. Page gives only S35 format diagonals (27.2/30.0/31.14 mm), no lens IC. Weight kg->g."
arri_zeiss_master_prime_18,ARRI/ZEISS,Master Prime,18,,1.3,,1,0.35,,153,2200,114,PL,S35,https://www.arri.com/en/cine-lenses/arri-zeiss-fujinon-lenses/master-primes/master-primes/arri-master-prime-technical-data,"Page lists two length values (153 / 205 mm, footnote refs not shown); first used. Mount PL LDS. Page gives only S35 format diagonals (27.2/30.0/31.14 mm), no lens IC. Weight kg->g."
arri_zeiss_master_prime_21,ARRI/ZEISS,Master Prime,21,,1.3,,1,0.35,,153,2400,114,PL,S35,https://www.arri.com/en/cine-lenses/arri-zeiss-fujinon-lenses/master-primes/master-primes/arri-master-prime-technical-data,"Page lists two length values (153 / 205 mm, footnote refs not shown); first used. Mount PL LDS. Page gives only S35 format diagonals (27.2/30.0/31.14 mm), no lens IC. Weight kg->g."
arri_zeiss_master_prime_25,ARRI/ZEISS,Master Prime,25,,1.3,,1,0.35,,153,2600,114,PL,S35,https://www.arri.com/en/cine-lenses/arri-zeiss-fujinon-lenses/master-primes/master-primes/arri-master-prime-technical-data,"Page lists two length values (153 / 205 mm, footnote refs not shown); first used. Mount PL LDS. Page gives only S35 format diagonals (27.2/30.0/31.14 mm), no lens IC. Weight kg->g."
arri_zeiss_master_prime_27,ARRI/ZEISS,Master Prime,27,,1.3,,1,0.35,,153,2200,114,PL,S35,https://www.arri.com/en/cine-lenses/arri-zeiss-fujinon-lenses/master-primes/master-primes/arri-master-prime-technical-data,"Page lists two length values (153 / 205 mm, footnote refs not shown); first used. Mount PL LDS. Page gives only S35 format diagonals (27.2/30.0/31.14 mm), no lens IC. Weight kg->g."
arri_zeiss_master_prime_32,ARRI/ZEISS,Master Prime,32,,1.3,,1,0.35,,153,2300,114,PL,S35,https://www.arri.com/en/cine-lenses/arri-zeiss-fujinon-lenses/master-primes/master-primes/arri-master-prime-technical-data,"Page lists two length values (153 / 205 mm, footnote refs not shown); first used. Mount PL LDS. Page gives only S35 format diagonals (27.2/30.0/31.14 mm), no lens IC. Weight kg->g."
arri_zeiss_master_prime_35,ARRI/ZEISS,Master Prime,35,,1.3,,1,0.35,,153,2200,114,PL,S35,https://www.arri.com/en/cine-lenses/arri-zeiss-fujinon-lenses/master-primes/master-primes/arri-master-prime-technical-data,"Page lists two length values (153 / 205 mm, footnote refs not shown); first used. Mount PL LDS. Page gives only S35 format diagonals (27.2/30.0/31.14 mm), no lens IC. Weight kg->g."
arri_zeiss_master_prime_40,ARRI/ZEISS,Master Prime,40,,1.3,,1,0.4,,153,2300,114,PL,S35,https://www.arri.com/en/cine-lenses/arri-zeiss-fujinon-lenses/master-primes/master-primes/arri-master-prime-technical-data,"Page lists two length values (153 / 205 mm, footnote refs not shown); first used. Mount PL LDS. Page gives only S35 format diagonals (27.2/30.0/31.14 mm), no lens IC. Weight kg->g."
arri_zeiss_master_prime_50,ARRI/ZEISS,Master Prime,50,,1.3,,1,0.5,,153,2700,114,PL,S35,https://www.arri.com/en/cine-lenses/arri-zeiss-fujinon-lenses/master-primes/master-primes/arri-master-prime-technical-data,"Page lists two length values (153 / 205 mm, footnote refs not shown); first used. Mount PL LDS. Page gives only S35 format diagonals (27.2/30.0/31.14 mm), no lens IC. Weight kg->g."
arri_zeiss_master_prime_65,ARRI/ZEISS,Master Prime,65,,1.3,,1,0.65,,153,2600,114,PL,S35,https://www.arri.com/en/cine-lenses/arri-zeiss-fujinon-lenses/master-primes/master-primes/arri-master-prime-technical-data,"Page lists two length values (153 / 205 mm, footnote refs not shown); first used. Mount PL LDS. Page gives only S35 format diagonals (27.2/30.0/31.14 mm), no lens IC. Weight kg->g."
arri_zeiss_master_prime_75,ARRI/ZEISS,Master Prime,75,,1.3,,1,0.8,,153,2800,114,PL,S35,https://www.arri.com/en/cine-lenses/arri-zeiss-fujinon-lenses/master-primes/master-primes/arri-master-prime-technical-data,"Page lists two length values (153 / 205 mm, footnote refs not shown); first used. Mount PL LDS. Page gives only S35 format diagonals (27.2/30.0/31.14 mm), no lens IC. Weight kg->g."
arri_zeiss_master_prime_100,ARRI/ZEISS,Master Prime,100,,1.3,,1,1.0,,153,2900,114,PL,S35,https://www.arri.com/en/cine-lenses/arri-zeiss-fujinon-lenses/master-primes/master-primes/arri-master-prime-technical-data,"Page lists two length values (153 / 205 mm, footnote refs not shown); first used. Mount PL LDS. Page gives only S35 format diagonals (27.2/30.0/31.14 mm), no lens IC. Weight kg->g."
arri_zeiss_master_prime_135,ARRI/ZEISS,Master Prime,135,,1.3,,1,0.95,,172,2800,114,PL,S35,https://www.arri.com/en/cine-lenses/arri-zeiss-fujinon-lenses/master-primes/master-primes/arri-master-prime-technical-data,"Page lists two length values (172 / 224 mm, footnote refs not shown); first used. Mount PL LDS. Page gives only S35 format diagonals (27.2/30.0/31.14 mm), no lens IC. Weight kg->g."
arri_zeiss_master_prime_150,ARRI/ZEISS,Master Prime,150,,1.3,,1,1.5,,210,4000,134,PL,S35,https://www.arri.com/en/cine-lenses/arri-zeiss-fujinon-lenses/master-primes/master-primes/arri-master-prime-technical-data,"Page lists two length values (210 / 262 mm, footnote refs not shown); first used. Mount PL LDS. Page gives only S35 format diagonals (27.2/30.0/31.14 mm), no lens IC. Weight kg->g."
arri_zeiss_ultra_prime_12,ARRI/ZEISS,Ultra Prime,12,,2.0,,1,0.3,,140,2000,156,,S35,https://www.arri.com/en/cine-lenses/arri-zeiss-fujinon-lenses/legacy/ultra-prime-lenses/arri-ultra-prime-lenses-technical-data,"Legacy. Close focus from film plane; length mount-to-front; mount not named on page (left blank); AoV given for S35 only, no IC number. Weight kg->g."
arri_zeiss_ultra_prime_14,ARRI/ZEISS,Ultra Prime,14,,1.9,,1,0.22,,112,1800,114,,S35,https://www.arri.com/en/cine-lenses/arri-zeiss-fujinon-lenses/legacy/ultra-prime-lenses/arri-ultra-prime-lenses-technical-data,"Legacy. Close focus from film plane; length mount-to-front; mount not named on page (left blank); AoV given for S35 only, no IC number. Weight kg->g."
arri_zeiss_ultra_prime_16,ARRI/ZEISS,Ultra Prime,16,,1.9,,1,0.25,,94,1200,95,,S35,https://www.arri.com/en/cine-lenses/arri-zeiss-fujinon-lenses/legacy/ultra-prime-lenses/arri-ultra-prime-lenses-technical-data,"Legacy. Close focus from film plane; length mount-to-front; mount not named on page (left blank); AoV given for S35 only, no IC number. Weight kg->g."
arri_zeiss_ultra_prime_20,ARRI/ZEISS,Ultra Prime,20,,1.9,,1,0.28,,91,1200,95,,S35,https://www.arri.com/en/cine-lenses/arri-zeiss-fujinon-lenses/legacy/ultra-prime-lenses/arri-ultra-prime-lenses-technical-data,"Legacy. Close focus from film plane; length mount-to-front; mount not named on page (left blank); AoV given for S35 only, no IC number. Weight kg->g."
arri_zeiss_ultra_prime_24,ARRI/ZEISS,Ultra Prime,24,,1.9,,1,0.3,,91,1000,95,,S35,https://www.arri.com/en/cine-lenses/arri-zeiss-fujinon-lenses/legacy/ultra-prime-lenses/arri-ultra-prime-lenses-technical-data,"Legacy. Close focus from film plane; length mount-to-front; mount not named on page (left blank); AoV given for S35 only, no IC number. Weight kg->g."
arri_zeiss_ultra_prime_28,ARRI/ZEISS,Ultra Prime,28,,1.9,,1,0.28,,91,1000,95,,S35,https://www.arri.com/en/cine-lenses/arri-zeiss-fujinon-lenses/legacy/ultra-prime-lenses/arri-ultra-prime-lenses-technical-data,"Legacy. Close focus from film plane; length mount-to-front; mount not named on page (left blank); AoV given for S35 only, no IC number. Weight kg->g."
arri_zeiss_ultra_prime_32,ARRI/ZEISS,Ultra Prime,32,,1.9,,1,0.35,,91,1100,95,,S35,https://www.arri.com/en/cine-lenses/arri-zeiss-fujinon-lenses/legacy/ultra-prime-lenses/arri-ultra-prime-lenses-technical-data,"Legacy. Close focus from film plane; length mount-to-front; mount not named on page (left blank); AoV given for S35 only, no IC number. Weight kg->g."
arri_zeiss_ultra_prime_40,ARRI/ZEISS,Ultra Prime,40,,1.9,,1,0.38,,91,1000,95,,S35,https://www.arri.com/en/cine-lenses/arri-zeiss-fujinon-lenses/legacy/ultra-prime-lenses/arri-ultra-prime-lenses-technical-data,"Legacy. Close focus from film plane; length mount-to-front; mount not named on page (left blank); AoV given for S35 only, no IC number. Weight kg->g."
arri_zeiss_ultra_prime_50,ARRI/ZEISS,Ultra Prime,50,,1.9,,1,0.6,,91,1000,95,,S35,https://www.arri.com/en/cine-lenses/arri-zeiss-fujinon-lenses/legacy/ultra-prime-lenses/arri-ultra-prime-lenses-technical-data,"Legacy. Close focus from film plane; length mount-to-front; mount not named on page (left blank); AoV given for S35 only, no IC number. Weight kg->g."
arri_zeiss_ultra_prime_65,ARRI/ZEISS,Ultra Prime,65,,1.9,,1,0.65,,91,1100,95,,S35,https://www.arri.com/en/cine-lenses/arri-zeiss-fujinon-lenses/legacy/ultra-prime-lenses/arri-ultra-prime-lenses-technical-data,"Legacy. Close focus from film plane; length mount-to-front; mount not named on page (left blank); AoV given for S35 only, no IC number. Weight kg->g."
arri_zeiss_ultra_prime_85,ARRI/ZEISS,Ultra Prime,85,,1.9,,1,0.9,,91,1200,95,,S35,https://www.arri.com/en/cine-lenses/arri-zeiss-fujinon-lenses/legacy/ultra-prime-lenses/arri-ultra-prime-lenses-technical-data,"Legacy. Close focus from film plane; length mount-to-front; mount not named on page (left blank); AoV given for S35 only, no IC number. Weight kg->g."
arri_zeiss_ultra_prime_100,ARRI/ZEISS,Ultra Prime,100,,1.9,,1,1.0,,91,1200,95,,S35,https://www.arri.com/en/cine-lenses/arri-zeiss-fujinon-lenses/legacy/ultra-prime-lenses/arri-ultra-prime-lenses-technical-data,"Legacy. Close focus from film plane; length mount-to-front; mount not named on page (left blank); AoV given for S35 only, no IC number. Weight kg->g."
arri_zeiss_ultra_prime_135,ARRI/ZEISS,Ultra Prime,135,,1.9,,1,1.5,,119,1600,95,,S35,https://www.arri.com/en/cine-lenses/arri-zeiss-fujinon-lenses/legacy/ultra-prime-lenses/arri-ultra-prime-lenses-technical-data,"Legacy. Close focus from film plane; length mount-to-front; mount not named on page (left blank); AoV given for S35 only, no IC number. Weight kg->g."
arri_zeiss_ultra_prime_180,ARRI/ZEISS,Ultra Prime,180,,1.9,,1,2.6,,166,2600,114,,S35,https://www.arri.com/en/cine-lenses/arri-zeiss-fujinon-lenses/legacy/ultra-prime-lenses/arri-ultra-prime-lenses-technical-data,"Legacy. Close focus from film plane; length mount-to-front; mount not named on page (left blank); AoV given for S35 only, no IC number. Weight kg->g."
arri_zeiss_ultra_prime_8r,ARRI/ZEISS,Ultra Prime 8R,8,,2.8,,1,0.35,,130,2000,134,,S35,https://www.arri.com/en/cine-lenses/arri-zeiss-fujinon-lenses/legacy/ultra-prime-lenses/arri-ultra-prime-lenses-technical-data,"Legacy rectilinear 8mm (8R). Close focus from film plane; length mount-to-front; mount not named on page; covers S35 per ARRI, no IC number."
cooke_s4i_prime_12,Cooke,S4/i,12,,2,,1,0.225,30,126,3000,156,PL,S35,https://cookeoptics.com/wp-content/uploads/2021/11/COOKE_S4i_Specification_030623.pdf,MOD = 'min. marked object distance' (mm->m; reference not stated). Length front to PL mount (PDF; web page lists slightly different lengths). Weight with PL mount. IC 30 mm (Super35).
cooke_s4i_prime_14,Cooke,S4/i,14,,2,,1,0.225,30,122,2200,110,PL,S35,https://cookeoptics.com/wp-content/uploads/2021/11/COOKE_S4i_Specification_030623.pdf,MOD = 'min. marked object distance' (mm->m; reference not stated). Length front to PL mount (PDF; web page lists slightly different lengths). Weight with PL mount. IC 30 mm (Super35).
cooke_s4i_prime_16,Cooke,S4/i,16,,2,,1,0.225,30,126,2400,110,PL,S35,https://cookeoptics.com/wp-content/uploads/2021/11/COOKE_S4i_Specification_030623.pdf,MOD = 'min. marked object distance' (mm->m; reference not stated). Length front to PL mount (PDF; web page lists slightly different lengths). Weight with PL mount. IC 30 mm (Super35).
cooke_s4i_prime_18,Cooke,S4/i,18,,2,,1,0.25,30,107,1700,110,PL,S35,https://cookeoptics.com/wp-content/uploads/2021/11/COOKE_S4i_Specification_030623.pdf,MOD = 'min. marked object distance' (mm->m; reference not stated). Length front to PL mount (PDF; web page lists slightly different lengths). Weight with PL mount. IC 30 mm (Super35).
cooke_s4i_prime_21,Cooke,S4/i,21,,2,,1,0.25,30,107,2000,110,PL,S35,https://cookeoptics.com/wp-content/uploads/2021/11/COOKE_S4i_Specification_030623.pdf,MOD = 'min. marked object distance' (mm->m; reference not stated). Length front to PL mount (PDF; web page lists slightly different lengths). Weight with PL mount. IC 30 mm (Super35).
cooke_s4i_prime_25,Cooke,S4/i,25,,2,,1,0.25,30,107,1600,110,PL,S35,https://cookeoptics.com/wp-content/uploads/2021/11/COOKE_S4i_Specification_030623.pdf,MOD = 'min. marked object distance' (mm->m; reference not stated). Length front to PL mount (PDF; web page lists slightly different lengths). Weight with PL mount. IC 30 mm (Super35).
cooke_s4i_prime_27,Cooke,S4/i,27,,2,,1,0.25,30,111,1600,110,PL,S35,https://cookeoptics.com/wp-content/uploads/2021/11/COOKE_S4i_Specification_030623.pdf,MOD = 'min. marked object distance' (mm->m; reference not stated). Length front to PL mount (PDF; web page lists slightly different lengths). Weight with PL mount. IC 30 mm (Super35).
cooke_s4i_prime_32,Cooke,S4/i,32,,2,,1,0.325,30,123,1800,110,PL,S35,https://cookeoptics.com/wp-content/uploads/2021/11/COOKE_S4i_Specification_030623.pdf,MOD = 'min. marked object distance' (mm->m; reference not stated). Length front to PL mount (PDF; web page lists slightly different lengths). Weight with PL mount. IC 30 mm (Super35).
cooke_s4i_prime_35,Cooke,S4/i,35,,2,,1,0.35,30,127,1900,110,PL,S35,https://cookeoptics.com/wp-content/uploads/2021/11/COOKE_S4i_Specification_030623.pdf,MOD = 'min. marked object distance' (mm->m; reference not stated). Length front to PL mount (PDF; web page lists slightly different lengths). Weight with PL mount. IC 30 mm (Super35).
cooke_s4i_prime_40,Cooke,S4/i,40,,2,,1,0.45,30,135,2000,110,PL,S35,https://cookeoptics.com/wp-content/uploads/2021/11/COOKE_S4i_Specification_030623.pdf,MOD = 'min. marked object distance' (mm->m; reference not stated). Length front to PL mount (PDF; web page lists slightly different lengths). Weight with PL mount. IC 30 mm (Super35).
cooke_s4i_prime_50,Cooke,S4/i,50,,2,,1,0.55,30,120,1500,110,PL,S35,https://cookeoptics.com/wp-content/uploads/2021/11/COOKE_S4i_Specification_030623.pdf,MOD = 'min. marked object distance' (mm->m; reference not stated). Length front to PL mount (PDF; web page lists slightly different lengths). Weight with PL mount. IC 30 mm (Super35).
cooke_s4i_prime_65,Cooke,S4/i,65,,2,,1,0.7,30,122,1600,110,PL,S35,https://cookeoptics.com/wp-content/uploads/2021/11/COOKE_S4i_Specification_030623.pdf,MOD = 'min. marked object distance' (mm->m; reference not stated). Length front to PL mount (PDF; web page lists slightly different lengths). Weight with PL mount. IC 30 mm (Super35).
cooke_s4i_prime_75,Cooke,S4/i,75,,2,,1,0.8,30,120,1700,110,PL,S35,https://cookeoptics.com/wp-content/uploads/2021/11/COOKE_S4i_Specification_030623.pdf,MOD = 'min. marked object distance' (mm->m; reference not stated). Length front to PL mount (PDF; web page lists slightly different lengths). Weight with PL mount. IC 30 mm (Super35).
cooke_s4i_prime_100,Cooke,S4/i,100,,2,,1,0.95,30,136,2000,110,PL,S35,https://cookeoptics.com/wp-content/uploads/2021/11/COOKE_S4i_Specification_030623.pdf,MOD = 'min. marked object distance' (mm->m; reference not stated). Length front to PL mount (PDF; web page lists slightly different lengths). Weight with PL mount. IC 30 mm (Super35).
cooke_s4i_prime_135,Cooke,S4/i,135,,2,,1,0.85,30,184,2200,110,PL,S35,https://cookeoptics.com/wp-content/uploads/2021/11/COOKE_S4i_Specification_030623.pdf,MOD = 'min. marked object distance' (mm->m; reference not stated). Length front to PL mount (PDF; web page lists slightly different lengths). Weight with PL mount. IC 30 mm (Super35).
cooke_s4i_prime_150,Cooke,S4/i,150,,2,,1,1.05,30,157,3500,125,PL,S35,https://cookeoptics.com/wp-content/uploads/2021/11/COOKE_S4i_Specification_030623.pdf,MOD = 'min. marked object distance' (mm->m; reference not stated). Length front to PL mount (PDF; web page lists slightly different lengths). Weight with PL mount. IC 30 mm (Super35).
cooke_s4i_prime_180,Cooke,S4/i,180,,2,,1,1.3,30,185,4300,136,PL,S35,https://cookeoptics.com/wp-content/uploads/2021/11/COOKE_S4i_Specification_030623.pdf,MOD = 'min. marked object distance' (mm->m; reference not stated). Length front to PL mount (PDF; web page lists slightly different lengths). Weight with PL mount. IC 30 mm (Super35).
cooke_s4i_prime_300,Cooke,S4/i,300,,2.8,,1,2.1,30,202,4700,136,PL,S35,https://cookeoptics.com/wp-content/uploads/2021/11/COOKE_S4i_Specification_030623.pdf,MOD = 'min. marked object distance' (mm->m; reference not stated). Length front to PL mount (PDF; web page lists slightly different lengths). Weight with PL mount. IC 30 mm (Super35).
cooke_s7i_prime_16,Cooke,S7/i,16,,2,,1,0.4,46.3,197,4000,136,PL;LPL,LF,https://cookeoptics.com/wp-content/uploads/2022/10/COOKE_S7i_Specification_030623.pdf,"MOD mm->m (reference not stated). Length front to PL mount; weight with PL mount. IC 46.3 mm ('Full Frame and beyond'); Cooke brands FF, classed LF by IC. PL or LPL per Cooke S7/i web page."
cooke_s7i_prime_18,Cooke,S7/i,18,,2,,1,0.4,46.3,197,3500,110,PL;LPL,LF,https://cookeoptics.com/wp-content/uploads/2022/10/COOKE_S7i_Specification_030623.pdf,"MOD mm->m (reference not stated). Length front to PL mount; weight with PL mount. IC 46.3 mm ('Full Frame and beyond'); Cooke brands FF, classed LF by IC. PL or LPL per Cooke S7/i web page."
cooke_s7i_prime_21,Cooke,S7/i,21,,2,,1,0.4,46.3,197,3300,110,PL;LPL,LF,https://cookeoptics.com/wp-content/uploads/2022/10/COOKE_S7i_Specification_030623.pdf,"MOD mm->m (reference not stated). Length front to PL mount; weight with PL mount. IC 46.3 mm ('Full Frame and beyond'); Cooke brands FF, classed LF by IC. PL or LPL per Cooke S7/i web page."
cooke_s7i_prime_25,Cooke,S7/i,25,,2,,1,0.35,46.3,182,3300,110,PL;LPL,LF,https://cookeoptics.com/wp-content/uploads/2022/10/COOKE_S7i_Specification_030623.pdf,"MOD mm->m (reference not stated). Length front to PL mount; weight with PL mount. IC 46.3 mm ('Full Frame and beyond'); Cooke brands FF, classed LF by IC. PL or LPL per Cooke S7/i web page."
cooke_s7i_prime_27,Cooke,S7/i,27,,2,,1,0.35,46.3,182,3300,110,PL;LPL,LF,https://cookeoptics.com/wp-content/uploads/2022/10/COOKE_S7i_Specification_030623.pdf,"MOD mm->m (reference not stated). Length front to PL mount; weight with PL mount. IC 46.3 mm ('Full Frame and beyond'); Cooke brands FF, classed LF by IC. PL or LPL per Cooke S7/i web page."
cooke_s7i_prime_32,Cooke,S7/i,32,,2,,1,0.35,46.3,177,3400,110,PL;LPL,LF,https://cookeoptics.com/wp-content/uploads/2022/10/COOKE_S7i_Specification_030623.pdf,"MOD mm->m (reference not stated). Length front to PL mount; weight with PL mount. IC 46.3 mm ('Full Frame and beyond'); Cooke brands FF, classed LF by IC. PL or LPL per Cooke S7/i web page."
cooke_s7i_prime_40,Cooke,S7/i,40,,2,,1,0.45,46.3,189,3500,110,PL;LPL,LF,https://cookeoptics.com/wp-content/uploads/2022/10/COOKE_S7i_Specification_030623.pdf,"MOD mm->m (reference not stated). Length front to PL mount; weight with PL mount. IC 46.3 mm ('Full Frame and beyond'); Cooke brands FF, classed LF by IC. PL or LPL per Cooke S7/i web page."
cooke_s7i_prime_50,Cooke,S7/i,50,,2,,1,0.5,46.3,189,3400,110,PL;LPL,LF,https://cookeoptics.com/wp-content/uploads/2022/10/COOKE_S7i_Specification_030623.pdf,"MOD mm->m (reference not stated). Length front to PL mount; weight with PL mount. IC 46.3 mm ('Full Frame and beyond'); Cooke brands FF, classed LF by IC. PL or LPL per Cooke S7/i web page."
cooke_s7i_prime_65,Cooke,S7/i,65,,2,,1,0.5,46.3,189,3000,110,PL;LPL,LF,https://cookeoptics.com/wp-content/uploads/2022/10/COOKE_S7i_Specification_030623.pdf,"MOD mm->m (reference not stated). Length front to PL mount; weight with PL mount. IC 46.3 mm ('Full Frame and beyond'); Cooke brands FF, classed LF by IC. PL or LPL per Cooke S7/i web page."
cooke_s7i_prime_75,Cooke,S7/i,75,,2,,1,0.475,46.3,189,3000,110,PL;LPL,LF,https://cookeoptics.com/wp-content/uploads/2022/10/COOKE_S7i_Specification_030623.pdf,"MOD mm->m (reference not stated). Length front to PL mount; weight with PL mount. IC 46.3 mm ('Full Frame and beyond'); Cooke brands FF, classed LF by IC. PL or LPL per Cooke S7/i web page."
cooke_s7i_prime_100,Cooke,S7/i,100,,2,,1,0.7,46.3,189,3300,110,PL;LPL,LF,https://cookeoptics.com/wp-content/uploads/2022/10/COOKE_S7i_Specification_030623.pdf,"MOD mm->m (reference not stated). Length front to PL mount; weight with PL mount. IC 46.3 mm ('Full Frame and beyond'); Cooke brands FF, classed LF by IC. PL or LPL per Cooke S7/i web page."
cooke_s7i_prime_135,Cooke,S7/i,135,,2,,1,0.95,46.3,189,3700,110,PL;LPL,LF,https://cookeoptics.com/wp-content/uploads/2022/10/COOKE_S7i_Specification_030623.pdf,"MOD mm->m (reference not stated). Length front to PL mount; weight with PL mount. IC 46.3 mm ('Full Frame and beyond'); Cooke brands FF, classed LF by IC. PL or LPL per Cooke S7/i web page."
cooke_s7i_prime_180,Cooke,S7/i,180,,2,,1,1.3,46.3,198,3600,110,PL;LPL,LF,https://cookeoptics.com/wp-content/uploads/2022/10/COOKE_S7i_Specification_030623.pdf,"MOD mm->m (reference not stated). Length front to PL mount; weight with PL mount. IC 46.3 mm ('Full Frame and beyond'); Cooke brands FF, classed LF by IC. PL or LPL per Cooke S7/i web page. Supplied with support bracket."
cooke_s7i_prime_300,Cooke,S7/i,300,,3.3,,1,2.1,46.3,256,4400,110,PL;LPL,LF,https://cookeoptics.com/wp-content/uploads/2022/10/COOKE_S7i_Specification_030623.pdf,"MOD mm->m (reference not stated). Length front to PL mount; weight with PL mount. IC 46.3 mm ('Full Frame and beyond'); Cooke brands FF, classed LF by IC. PL or LPL per Cooke S7/i web page. Supplied with support bracket."
cooke_panchro_i_classic_ff_18,Cooke,Panchro/i Classic FF,18,,2.2,,1,0.3,43.3,127,2200,125,PL,FF,https://cookeoptics.com/wp-content/uploads/2022/10/COOKE_Panchro-i-Classic-FF_Specification_051324.pdf,"MOD mm->m (reference not stated). Length front to PL mount; weight with PL mount. IC 43.3 mm (FF), also covers S35. PDF lengths differ slightly from web page. 18mm specs 'subject to change'."
cooke_panchro_i_classic_ff_21,Cooke,Panchro/i Classic FF,21,,2.2,,1,0.3,43.3,127,1900,110,PL,FF,https://cookeoptics.com/wp-content/uploads/2022/10/COOKE_Panchro-i-Classic-FF_Specification_051324.pdf,"MOD mm->m (reference not stated). Length front to PL mount; weight with PL mount. IC 43.3 mm (FF), also covers S35. PDF lengths differ slightly from web page."
cooke_panchro_i_classic_ff_25,Cooke,Panchro/i Classic FF,25,,2.2,,1,0.35,43.3,125,2000,110,PL,FF,https://cookeoptics.com/wp-content/uploads/2022/10/COOKE_Panchro-i-Classic-FF_Specification_051324.pdf,"MOD mm->m (reference not stated). Length front to PL mount; weight with PL mount. IC 43.3 mm (FF), also covers S35. PDF lengths differ slightly from web page."
cooke_panchro_i_classic_ff_27,Cooke,Panchro/i Classic FF,27,,2.2,,1,0.35,43.3,127,2100,110,PL,FF,https://cookeoptics.com/wp-content/uploads/2022/10/COOKE_Panchro-i-Classic-FF_Specification_051324.pdf,"MOD mm->m (reference not stated). Length front to PL mount; weight with PL mount. IC 43.3 mm (FF), also covers S35. PDF lengths differ slightly from web page."
cooke_panchro_i_classic_ff_32,Cooke,Panchro/i Classic FF,32,,2.2,,1,0.35,43.3,110,1900,110,PL,FF,https://cookeoptics.com/wp-content/uploads/2022/10/COOKE_Panchro-i-Classic-FF_Specification_051324.pdf,"MOD mm->m (reference not stated). Length front to PL mount; weight with PL mount. IC 43.3 mm (FF), also covers S35. PDF lengths differ slightly from web page."
cooke_panchro_i_classic_ff_40,Cooke,Panchro/i Classic FF,40,,2.2,,1,0.35,43.3,103,1500,110,PL,FF,https://cookeoptics.com/wp-content/uploads/2022/10/COOKE_Panchro-i-Classic-FF_Specification_051324.pdf,"MOD mm->m (reference not stated). Length front to PL mount; weight with PL mount. IC 43.3 mm (FF), also covers S35. PDF lengths differ slightly from web page."
cooke_panchro_i_classic_ff_50,Cooke,Panchro/i Classic FF,50,,2.2,,1,0.4,43.3,113,1400,110,PL,FF,https://cookeoptics.com/wp-content/uploads/2022/10/COOKE_Panchro-i-Classic-FF_Specification_051324.pdf,"MOD mm->m (reference not stated). Length front to PL mount; weight with PL mount. IC 43.3 mm (FF), also covers S35. PDF lengths differ slightly from web page."
cooke_panchro_i_classic_ff_65_macro,Cooke,Panchro/i Classic FF,65,,2.4,,1,0.325,43.3,199,2800,110,PL,FF,https://cookeoptics.com/wp-content/uploads/2022/10/COOKE_Panchro-i-Classic-FF_Specification_051324.pdf,"65mm Macro. MOD mm->m (reference not stated). Length front to PL mount; weight with PL mount. IC 43.3 mm (FF), also covers S35. PDF lengths differ slightly from web page."
cooke_panchro_i_classic_ff_75,Cooke,Panchro/i Classic FF,75,,2.2,,1,0.7,43.3,155,1800,110,PL,FF,https://cookeoptics.com/wp-content/uploads/2022/10/COOKE_Panchro-i-Classic-FF_Specification_051324.pdf,"MOD mm->m (reference not stated). Length front to PL mount; weight with PL mount. IC 43.3 mm (FF), also covers S35. PDF lengths differ slightly from web page."
cooke_panchro_i_classic_ff_100,Cooke,Panchro/i Classic FF,100,,2.6,,1,0.6,43.3,161,1800,110,PL,FF,https://cookeoptics.com/wp-content/uploads/2022/10/COOKE_Panchro-i-Classic-FF_Specification_051324.pdf,"MOD mm->m (reference not stated). Length front to PL mount; weight with PL mount. IC 43.3 mm (FF), also covers S35. PDF lengths differ slightly from web page."
cooke_panchro_i_classic_ff_135,Cooke,Panchro/i Classic FF,135,,2.8,,1,0.85,43.3,168,2100,110,PL,FF,https://cookeoptics.com/wp-content/uploads/2022/10/COOKE_Panchro-i-Classic-FF_Specification_051324.pdf,"MOD mm->m (reference not stated). Length front to PL mount; weight with PL mount. IC 43.3 mm (FF), also covers S35. PDF lengths differ slightly from web page."
cooke_panchro_i_classic_ff_152,Cooke,Panchro/i Classic FF,152,,3.0,,1,1.1,43.3,168,2100,110,PL,FF,https://cookeoptics.com/wp-content/uploads/2022/10/COOKE_Panchro-i-Classic-FF_Specification_051324.pdf,"MOD mm->m (reference not stated). Length front to PL mount; weight with PL mount. IC 43.3 mm (FF), also covers S35. PDF lengths differ slightly from web page."
cooke_sp3_18,Cooke,SP3,18,,2.4,,1,0.25,43.3,109,688,82,E-Mount;RF;L-Mount;Leica M,FF,https://cookeoptics.com/wp-content/uploads/2024/09/COOKE_SP3_Specification_6_LENSES_022924-1.pdf,T2.4-T16. MOD mm->m (reference not stated); close focus from lens front 123 mm. Length front to E-mount. E-mount fitted; RF/L/M accessory mounts (Cooke SP3 web page also lists Z).
cooke_sp3_25,Cooke,SP3,25,,2.4,,1,0.25,43.3,98,575,64,E-Mount;RF;L-Mount;Leica M,FF,https://cookeoptics.com/wp-content/uploads/2024/09/COOKE_SP3_Specification_6_LENSES_022924-1.pdf,T2.4-T16. MOD mm->m (reference not stated); close focus from lens front 139 mm. Length front to E-mount. E-mount fitted; RF/L/M accessory mounts (Cooke SP3 web page also lists Z).
cooke_sp3_32,Cooke,SP3,32,,2.4,,1,0.35,43.3,94,520,64,E-Mount;RF;L-Mount;Leica M,FF,https://cookeoptics.com/wp-content/uploads/2024/09/COOKE_SP3_Specification_6_LENSES_022924-1.pdf,T2.4-T16. MOD mm->m (reference not stated); close focus from lens front 223 mm. Length front to E-mount. E-mount fitted; RF/L/M accessory mounts (Cooke SP3 web page also lists Z).
cooke_sp3_50,Cooke,SP3,50,,2.4,,1,0.5,43.3,94,500,64,E-Mount;RF;L-Mount;Leica M,FF,https://cookeoptics.com/wp-content/uploads/2024/09/COOKE_SP3_Specification_6_LENSES_022924-1.pdf,T2.4-T16. MOD mm->m (reference not stated); close focus from lens front 394 mm. Length front to E-mount. E-mount fitted; RF/L/M accessory mounts (Cooke SP3 web page also lists Z).
cooke_sp3_75,Cooke,SP3,75,,2.4,,1,0.8,43.3,98,520,64,E-Mount;RF;L-Mount;Leica M,FF,https://cookeoptics.com/wp-content/uploads/2024/09/COOKE_SP3_Specification_6_LENSES_022924-1.pdf,T2.4-T16. MOD mm->m (reference not stated); close focus from lens front 689 mm. Length front to E-mount. E-mount fitted; RF/L/M accessory mounts (Cooke SP3 web page also lists Z).
cooke_sp3_100,Cooke,SP3,100,,2.4,,1,0.8,43.3,124,690,82,E-Mount;RF;L-Mount;Leica M,FF,https://cookeoptics.com/wp-content/uploads/2024/09/COOKE_SP3_Specification_6_LENSES_022924-1.pdf,T2.4-T16. MOD mm->m (reference not stated); close focus from lens front 663 mm. Length front to E-mount. E-mount fitted; RF/L/M accessory mounts (Cooke SP3 web page also lists Z).
zeiss_supreme_prime_15,ZEISS,Supreme Prime,15,,1.8,,1,0.35,,149,2240,114,PL;LPL,FF,https://www.zeiss.com/photonics-and-optics/en/cinematography/lenses/supreme-prime-lenses.html,Close focus from image plane; length front to PL flange. IC not stated as number (ZEISS: 'full frame and beyond'). LPL per ZEISS mount-change manual. Weight kg->g.
zeiss_supreme_prime_18,ZEISS,Supreme Prime,18,,1.5,,1,0.35,,163,2270,114,PL;LPL,FF,https://www.zeiss.com/photonics-and-optics/en/cinematography/lenses/supreme-prime-lenses.html,Close focus from image plane; length front to PL flange. IC not stated as number (ZEISS: 'full frame and beyond'). LPL per ZEISS mount-change manual. Weight kg->g.
zeiss_supreme_prime_21,ZEISS,Supreme Prime,21,,1.5,,1,0.35,,120,1610,95,PL;LPL,FF,https://www.zeiss.com/photonics-and-optics/en/cinematography/lenses/supreme-prime-lenses.html,Close focus from image plane; length front to PL flange. IC not stated as number (ZEISS: 'full frame and beyond'). LPL per ZEISS mount-change manual. Weight kg->g.
zeiss_supreme_prime_25,ZEISS,Supreme Prime,25,,1.5,,1,0.26,,119,1420,95,PL;LPL,FF,https://www.zeiss.com/photonics-and-optics/en/cinematography/lenses/supreme-prime-lenses.html,Close focus from image plane; length front to PL flange. IC not stated as number (ZEISS: 'full frame and beyond'). LPL per ZEISS mount-change manual. Weight kg->g.
zeiss_supreme_prime_29,ZEISS,Supreme Prime,29,,1.5,,1,0.33,,121,1610,95,PL;LPL,FF,https://www.zeiss.com/photonics-and-optics/en/cinematography/lenses/supreme-prime-lenses.html,Close focus from image plane; length front to PL flange. IC not stated as number (ZEISS: 'full frame and beyond'). LPL per ZEISS mount-change manual. Weight kg->g.
zeiss_supreme_prime_35,ZEISS,Supreme Prime,35,,1.5,,1,0.32,,119,1400,95,PL;LPL,FF,https://www.zeiss.com/photonics-and-optics/en/cinematography/lenses/supreme-prime-lenses.html,Close focus from image plane; length front to PL flange. IC not stated as number (ZEISS: 'full frame and beyond'). LPL per ZEISS mount-change manual. Weight kg->g.
zeiss_supreme_prime_40,ZEISS,Supreme Prime,40,,1.5,,1,0.42,,121,1490,95,PL;LPL,FF,https://www.zeiss.com/photonics-and-optics/en/cinematography/lenses/supreme-prime-lenses.html,Close focus from image plane; length front to PL flange. IC not stated as number (ZEISS: 'full frame and beyond'). LPL per ZEISS mount-change manual. Weight kg->g.
zeiss_supreme_prime_50,ZEISS,Supreme Prime,50,,1.5,,1,0.45,,119,1220,95,PL;LPL,FF,https://www.zeiss.com/photonics-and-optics/en/cinematography/lenses/supreme-prime-lenses.html,Close focus from image plane; length front to PL flange. IC not stated as number (ZEISS: 'full frame and beyond'). LPL per ZEISS mount-change manual. Weight kg->g.
zeiss_supreme_prime_65,ZEISS,Supreme Prime,65,,1.5,,1,0.6,,121,1630,95,PL;LPL,FF,https://www.zeiss.com/photonics-and-optics/en/cinematography/lenses/supreme-prime-lenses.html,Close focus from image plane; length front to PL flange. IC not stated as number (ZEISS: 'full frame and beyond'). LPL per ZEISS mount-change manual. Weight kg->g.
zeiss_supreme_prime_85,ZEISS,Supreme Prime,85,,1.5,,1,0.84,,119,1420,95,PL;LPL,FF,https://www.zeiss.com/photonics-and-optics/en/cinematography/lenses/supreme-prime-lenses.html,Close focus from image plane; length front to PL flange. IC not stated as number (ZEISS: 'full frame and beyond'). LPL per ZEISS mount-change manual. Weight kg->g.
zeiss_supreme_prime_100,ZEISS,Supreme Prime,100,,1.5,,1,1.1,,119,1700,95,PL;LPL,FF,https://www.zeiss.com/photonics-and-optics/en/cinematography/lenses/supreme-prime-lenses.html,Close focus from image plane; length front to PL flange. IC not stated as number (ZEISS: 'full frame and beyond'). LPL per ZEISS mount-change manual. Weight kg->g.
zeiss_supreme_prime_135,ZEISS,Supreme Prime,135,,1.5,,1,1.4,,146,2270,114,PL;LPL,FF,https://www.zeiss.com/photonics-and-optics/en/cinematography/lenses/supreme-prime-lenses.html,Close focus from image plane; length front to PL flange. IC not stated as number (ZEISS: 'full frame and beyond'). LPL per ZEISS mount-change manual. Weight kg->g.
zeiss_supreme_prime_150,ZEISS,Supreme Prime,150,,1.8,,1,1.5,,146,2270,114,PL;LPL,FF,https://www.zeiss.com/photonics-and-optics/en/cinematography/lenses/supreme-prime-lenses.html,Close focus from image plane; length front to PL flange. IC not stated as number (ZEISS: 'full frame and beyond'). LPL per ZEISS mount-change manual. Weight kg->g.
zeiss_supreme_prime_200,ZEISS,Supreme Prime,200,,2.2,,1,2.0,,183,2870,114,PL;LPL,FF,https://www.zeiss.com/photonics-and-optics/en/cinematography/lenses/supreme-prime-lenses.html,Close focus from image plane; length front to PL flange. IC not stated as number (ZEISS: 'full frame and beyond'). LPL per ZEISS mount-change manual. Weight kg->g.
zeiss_supreme_prime_radiance_18,ZEISS,Supreme Prime Radiance,18,,1.5,,1,0.35,,163,2270,114,PL;LPL,FF,https://www.zeiss.com/cine/radiance,Close focus from image plane; length front to PL flange. IC not stated as number. LPL per ZEISS Supreme mount-change manual. Weight kg->g.
zeiss_supreme_prime_radiance_21,ZEISS,Supreme Prime Radiance,21,,1.5,,1,0.35,,119,1500,95,PL;LPL,FF,https://www.zeiss.com/cine/radiance,Close focus from image plane; length front to PL flange. IC not stated as number. LPL per ZEISS Supreme mount-change manual. Weight kg->g.
zeiss_supreme_prime_radiance_25,ZEISS,Supreme Prime Radiance,25,,1.5,,1,0.26,,119,1420,95,PL;LPL,FF,https://www.zeiss.com/cine/radiance,Close focus from image plane; length front to PL flange. IC not stated as number. LPL per ZEISS Supreme mount-change manual. Weight kg->g.
zeiss_supreme_prime_radiance_29,ZEISS,Supreme Prime Radiance,29,,1.5,,1,0.33,,119,1610,95,PL;LPL,FF,https://www.zeiss.com/cine/radiance,Close focus from image plane; length front to PL flange. IC not stated as number. LPL per ZEISS Supreme mount-change manual. Weight kg->g.
zeiss_supreme_prime_radiance_35,ZEISS,Supreme Prime Radiance,35,,1.5,,1,0.32,,119,1400,95,PL;LPL,FF,https://www.zeiss.com/cine/radiance,Close focus from image plane; length front to PL flange. IC not stated as number. LPL per ZEISS Supreme mount-change manual. Weight kg->g.
zeiss_supreme_prime_radiance_40,ZEISS,Supreme Prime Radiance,40,,1.5,,1,0.42,,121,1490,95,PL;LPL,FF,https://www.zeiss.com/cine/radiance,Close focus from image plane; length front to PL flange. IC not stated as number. LPL per ZEISS Supreme mount-change manual. Weight kg->g.
zeiss_supreme_prime_radiance_50,ZEISS,Supreme Prime Radiance,50,,1.5,,1,0.45,,119,1220,95,PL;LPL,FF,https://www.zeiss.com/cine/radiance,Close focus from image plane; length front to PL flange. IC not stated as number. LPL per ZEISS Supreme mount-change manual. Weight kg->g.
zeiss_supreme_prime_radiance_65,ZEISS,Supreme Prime Radiance,65,,1.5,,1,0.6,,121,1630,95,PL;LPL,FF,https://www.zeiss.com/cine/radiance,Close focus from image plane; length front to PL flange. IC not stated as number. LPL per ZEISS Supreme mount-change manual. Weight kg->g.
zeiss_supreme_prime_radiance_85,ZEISS,Supreme Prime Radiance,85,,1.5,,1,0.84,,119,1420,95,PL;LPL,FF,https://www.zeiss.com/cine/radiance,Close focus from image plane; length front to PL flange. IC not stated as number. LPL per ZEISS Supreme mount-change manual. Weight kg->g.
zeiss_supreme_prime_radiance_100,ZEISS,Supreme Prime Radiance,100,,1.5,,1,1.1,,119,1700,95,PL;LPL,FF,https://www.zeiss.com/cine/radiance,Close focus from image plane; length front to PL flange. IC not stated as number. LPL per ZEISS Supreme mount-change manual. Weight kg->g.
zeiss_supreme_prime_radiance_135,ZEISS,Supreme Prime Radiance,135,,1.5,,1,1.4,,146,2270,114,PL;LPL,FF,https://www.zeiss.com/cine/radiance,Close focus from image plane; length front to PL flange. IC not stated as number. LPL per ZEISS Supreme mount-change manual. Weight kg->g.
zeiss_cp3_15,ZEISS,CP.3,15,,2.9,,1,0.3,,83.7,870,95,PL;EF;Nikon F;E-Mount;MFT,FF,https://www.zeiss.com/cine/cp3,CP.3 and CP.3 XD share optics/specs. Close focus from image plane; length front to PL flange. Covers FF; IC not stated as number. Weight kg->g.
zeiss_cp3_18,ZEISS,CP.3,18,,2.9,,1,0.3,,83.7,860,95,PL;EF;Nikon F;E-Mount;MFT,FF,https://www.zeiss.com/cine/cp3,CP.3 and CP.3 XD share optics/specs. Close focus from image plane; length front to PL flange. Covers FF; IC not stated as number. Weight kg->g.
zeiss_cp3_21,ZEISS,CP.3,21,,2.9,,1,0.24,,83.7,820,95,PL;EF;Nikon F;E-Mount;MFT,FF,https://www.zeiss.com/cine/cp3,CP.3 and CP.3 XD share optics/specs. Close focus from image plane; length front to PL flange. Covers FF; IC not stated as number. Weight kg->g.
zeiss_cp3_25,ZEISS,CP.3,25,,2.1,,1,0.26,,83.7,820,95,PL;EF;Nikon F;E-Mount;MFT,FF,https://www.zeiss.com/cine/cp3,CP.3 and CP.3 XD share optics/specs. Close focus from image plane; length front to PL flange. Covers FF; IC not stated as number. Weight kg->g.
zeiss_cp3_28,ZEISS,CP.3,28,,2.1,,1,0.24,,83.7,840,95,PL;EF;Nikon F;E-Mount;MFT,FF,https://www.zeiss.com/cine/cp3,CP.3 and CP.3 XD share optics/specs. Close focus from image plane; length front to PL flange. Covers FF; IC not stated as number. Weight kg->g.
zeiss_cp3_35,ZEISS,CP.3,35,,2.1,,1,0.3,,83.7,800,95,PL;EF;Nikon F;E-Mount;MFT,FF,https://www.zeiss.com/cine/cp3,CP.3 and CP.3 XD share optics/specs. Close focus from image plane; length front to PL flange. Covers FF; IC not stated as number. Weight kg->g.
zeiss_cp3_50,ZEISS,CP.3,50,,2.1,,1,0.45,,83.7,770,95,PL;EF;Nikon F;E-Mount;MFT,FF,https://www.zeiss.com/cine/cp3,CP.3 and CP.3 XD share optics/specs. Close focus from image plane; length front to PL flange. Covers FF; IC not stated as number. Weight kg->g.
zeiss_cp3_85,ZEISS,CP.3,85,,2.1,,1,1.0,,83.7,880,95,PL;EF;Nikon F;E-Mount;MFT,FF,https://www.zeiss.com/cine/cp3,CP.3 and CP.3 XD share optics/specs. Close focus from image plane; length front to PL flange. Covers FF; IC not stated as number. Weight kg->g.
zeiss_cp3_100,ZEISS,CP.3,100,,2.1,,1,0.7,,126.5,1010,95,PL;EF;Nikon F;E-Mount;MFT,FF,https://www.zeiss.com/cine/cp3,100mm CF (close focus). CP.3 and CP.3 XD share optics/specs. Close focus from image plane; length front to PL flange. Covers FF; IC not stated as number. Weight kg->g.
zeiss_cp3_135,ZEISS,CP.3,135,,2.1,,1,1.0,,126.5,1150,95,PL;EF;Nikon F;E-Mount;MFT,FF,https://www.zeiss.com/cine/cp3,CP.3 and CP.3 XD share optics/specs. Close focus from image plane; length front to PL flange. Covers FF; IC not stated as number. Weight kg->g.
leitz_summilux_c_16,Leitz,Summilux-C,16,,1.4,,1,0.45,33,142,1700,95,PL,S35,https://www.leitz-cine.com/product/summilux-c,T1.4-T22. Close focus reference not stated. Mount PL or Leitz iD (iD not in label set). Weight kg->g.
leitz_summilux_c_18,Leitz,Summilux-C,18,,1.4,,1,0.45,33,142,1600,95,PL,S35,https://www.leitz-cine.com/product/summilux-c,T1.4-T22. Close focus reference not stated. Mount PL or Leitz iD (iD not in label set). Weight kg->g.
leitz_summilux_c_21,Leitz,Summilux-C,21,,1.4,,1,0.38,33,142,1600,95,PL,S35,https://www.leitz-cine.com/product/summilux-c,T1.4-T22. Close focus reference not stated. Mount PL or Leitz iD (iD not in label set). Weight kg->g.
leitz_summilux_c_25,Leitz,Summilux-C,25,,1.4,,1,0.38,33,142,1800,95,PL,S35,https://www.leitz-cine.com/product/summilux-c,T1.4-T22. Close focus reference not stated. Mount PL or Leitz iD (iD not in label set). Weight kg->g.
leitz_summilux_c_29,Leitz,Summilux-C,29,,1.4,,1,0.45,33,142,1700,95,PL,S35,https://www.leitz-cine.com/product/summilux-c,T1.4-T22. Close focus reference not stated. Mount PL or Leitz iD (iD not in label set). Weight kg->g.
leitz_summilux_c_35,Leitz,Summilux-C,35,,1.4,,1,0.45,33,142,1600,95,PL,S35,https://www.leitz-cine.com/product/summilux-c,T1.4-T22. Close focus reference not stated. Mount PL or Leitz iD (iD not in label set). Weight kg->g.
leitz_summilux_c_40,Leitz,Summilux-C,40,,1.4,,1,0.45,33,142,1600,95,PL,S35,https://www.leitz-cine.com/product/summilux-c,T1.4-T22. Close focus reference not stated. Mount PL or Leitz iD (iD not in label set). Weight kg->g.
leitz_summilux_c_50,Leitz,Summilux-C,50,,1.4,,1,0.6,33,142,1800,95,PL,S35,https://www.leitz-cine.com/product/summilux-c,T1.4-T22. Close focus reference not stated. Mount PL or Leitz iD (iD not in label set). Weight kg->g.
leitz_summilux_c_65,Leitz,Summilux-C,65,,1.4,,1,0.45,33,142,1700,95,PL,S35,https://www.leitz-cine.com/product/summilux-c,T1.4-T22. Close focus reference not stated. Mount PL or Leitz iD (iD not in label set). Weight kg->g.
leitz_summilux_c_75,Leitz,Summilux-C,75,,1.4,,1,0.79,33,142,1600,95,PL,S35,https://www.leitz-cine.com/product/summilux-c,T1.4-T22. Close focus reference not stated. Mount PL or Leitz iD (iD not in label set). Weight kg->g.
leitz_summilux_c_100,Leitz,Summilux-C,100,,1.4,,1,0.99,33,142,1600,95,PL,S35,https://www.leitz-cine.com/product/summilux-c,T1.4-T22. Close focus reference not stated. Mount PL or Leitz iD (iD not in label set). Weight kg->g.
leitz_summilux_c_135,Leitz,Summilux-C,135,,1.4,,1,1.25,33,142,3400,114,PL,S35,https://www.leitz-cine.com/product/summilux-c,T1.4-T16; PL only (not iD compatible). Close focus reference not stated. Weight kg->g.
leitz_summicron_c_15,Leitz,Summicron-C,15,,2.0,,1,0.3,36,118,1800,95,PL,S35,https://www.leitz-cine.com/product/summicron-c,Close focus reference not stated. IC 36 mm. Weight kg->g.
leitz_summicron_c_18,Leitz,Summicron-C,18,,2.0,,1,0.3,36,101,1300,95,PL,S35,https://www.leitz-cine.com/product/summicron-c,Close focus reference not stated. IC 36 mm. Weight kg->g.
leitz_summicron_c_21,Leitz,Summicron-C,21,,2.0,,1,0.3,36,101,1300,95,PL,S35,https://www.leitz-cine.com/product/summicron-c,Close focus reference not stated. IC 36 mm. Weight kg->g.
leitz_summicron_c_25,Leitz,Summicron-C,25,,2.0,,1,0.3,36,101,1500,95,PL,S35,https://www.leitz-cine.com/product/summicron-c,Close focus reference not stated. IC 36 mm. Weight kg->g.
leitz_summicron_c_29,Leitz,Summicron-C,29,,2.0,,1,0.3,36,101,1300,95,PL,S35,https://www.leitz-cine.com/product/summicron-c,Close focus reference not stated. IC 36 mm. Weight kg->g.
leitz_summicron_c_35,Leitz,Summicron-C,35,,2.0,,1,0.36,36,101,1300,95,PL,S35,https://www.leitz-cine.com/product/summicron-c,Close focus reference not stated. IC 36 mm. Weight kg->g.
leitz_summicron_c_40,Leitz,Summicron-C,40,,2.0,,1,0.45,36,101,1300,95,PL,S35,https://www.leitz-cine.com/product/summicron-c,Close focus reference not stated. IC 36 mm. Weight kg->g.
leitz_summicron_c_50,Leitz,Summicron-C,50,,2.0,,1,0.6,36,101,1500,95,PL,S35,https://www.leitz-cine.com/product/summicron-c,Close focus reference not stated. IC 36 mm. Weight kg->g.
leitz_summicron_c_75,Leitz,Summicron-C,75,,2.0,,1,0.8,36,101,1200,95,PL,S35,https://www.leitz-cine.com/product/summicron-c,Close focus reference not stated. IC 36 mm. Weight kg->g.
leitz_summicron_c_100,Leitz,Summicron-C,100,,2.0,,1,1.0,36,101,1200,95,PL,S35,https://www.leitz-cine.com/product/summicron-c,Close focus reference not stated. IC 36 mm. Weight kg->g.
leitz_summicron_c_135,Leitz,Summicron-C,135,,2.0,,1,1.35,36,118,1800,95,PL,S35,https://www.leitz-cine.com/product/summicron-c,Close focus reference not stated. IC 36 mm. Weight kg->g.
leitz_prime_18,Leitz,Leitz Prime,18,,1.8,,1,0.35,46.5,201.5,3200,114,PL;LPL,LF,https://www.leitz-cine.com/product/leitz-prime,Close focus reference not stated. IC 46.5 mm. /i metadata. Weight kg->g.
leitz_prime_21,Leitz,Leitz Prime,21,,1.8,,1,0.55,46.5,183.7,2760,114,PL;LPL,LF,https://www.leitz-cine.com/product/leitz-prime,Close focus reference not stated. IC 46.5 mm. /i metadata. Weight kg->g.
leitz_prime_25,Leitz,Leitz Prime,25,,1.8,,1,0.55,46.5,183.7,2800,114,PL;LPL,LF,https://www.leitz-cine.com/product/leitz-prime,Close focus reference not stated. IC 46.5 mm. /i metadata. Weight kg->g.
leitz_prime_29,Leitz,Leitz Prime,29,,1.8,,1,0.35,46.5,183.7,2670,114,PL;LPL,LF,https://www.leitz-cine.com/product/leitz-prime,Close focus reference not stated. IC 46.5 mm. /i metadata. Weight kg->g.
leitz_prime_35,Leitz,Leitz Prime,35,,1.8,,1,0.45,46.5,183.7,2870,114,PL;LPL,LF,https://www.leitz-cine.com/product/leitz-prime,Close focus reference not stated. IC 46.5 mm. /i metadata. Weight kg->g.
leitz_prime_40,Leitz,Leitz Prime,40,,1.8,,1,0.35,46.5,183.7,2710,114,PL;LPL,LF,https://www.leitz-cine.com/product/leitz-prime,Close focus reference not stated. IC 46.5 mm. /i metadata. Weight kg->g.
leitz_prime_50,Leitz,Leitz Prime,50,,1.8,,1,0.47,46.5,183.7,2700,114,PL;LPL,LF,https://www.leitz-cine.com/product/leitz-prime,Close focus reference not stated. IC 46.5 mm. /i metadata. Weight kg->g.
leitz_prime_65,Leitz,Leitz Prime,65,,1.8,,1,0.65,46.5,183.7,2780,114,PL;LPL,LF,https://www.leitz-cine.com/product/leitz-prime,Close focus reference not stated. IC 46.5 mm. /i metadata. Weight kg->g.
leitz_prime_75,Leitz,Leitz Prime,75,,1.8,,1,0.75,46.5,183.7,2830,114,PL;LPL,LF,https://www.leitz-cine.com/product/leitz-prime,Close focus reference not stated. IC 46.5 mm. /i metadata. Weight kg->g.
leitz_prime_100,Leitz,Leitz Prime,100,,1.8,,1,1.2,46.5,183.7,2770,114,PL;LPL,LF,https://www.leitz-cine.com/product/leitz-prime,Close focus reference not stated. IC 46.5 mm. /i metadata. Weight kg->g.
leitz_prime_135,Leitz,Leitz Prime,135,,1.8,,1,1.2,46.5,183.7,2890,114,PL;LPL,LF,https://www.leitz-cine.com/product/leitz-prime,Close focus reference not stated. IC 46.5 mm. /i metadata. Weight kg->g.
leitz_prime_180,Leitz,Leitz Prime,180,,2.0,,1,1.5,46.5,201.5,3100,114,PL;LPL,LF,https://www.leitz-cine.com/product/leitz-prime,Close focus reference not stated. IC 46.5 mm. /i metadata. Weight kg->g.
leitz_prime_350,Leitz,Leitz Prime,350,,3.6,,1,3.0,46.5,317,4400,114,PL;LPL,LF,https://www.leitz-cine.com/product/leitz-prime,Close focus reference not stated. IC 46.5 mm. /i metadata. Weight kg->g.
leitz_elsie_15,Leitz,Elsie,15,,2.1,,1,0.35,46.5,160,2500,114,LPL,LF,https://www.leitz-cine.com/product/elsie,Close focus reference not stated. IC 46.5 mm. LPL with Cooke /i. Weight kg->g.
leitz_elsie_18,Leitz,Elsie,18,,2.1,,1,0.35,46.5,160,2400,114,LPL,LF,https://www.leitz-cine.com/product/elsie,Close focus reference not stated. IC 46.5 mm. LPL with Cooke /i. Weight kg->g.
leitz_elsie_21,Leitz,Elsie,21,,2.1,,1,0.35,46.5,160,2400,114,LPL,LF,https://www.leitz-cine.com/product/elsie,Close focus reference not stated. IC 46.5 mm. LPL with Cooke /i. Weight kg->g.
leitz_elsie_25,Leitz,Elsie,25,,2.1,,1,0.35,46.5,160,2000,95,LPL,LF,https://www.leitz-cine.com/product/elsie,Close focus reference not stated. IC 46.5 mm. LPL with Cooke /i. Weight kg->g.
leitz_elsie_29,Leitz,Elsie,29,,2.1,,1,0.35,46.5,160,2100,95,LPL,LF,https://www.leitz-cine.com/product/elsie,Close focus reference not stated. IC 46.5 mm. LPL with Cooke /i. Weight kg->g.
leitz_elsie_35,Leitz,Elsie,35,,2.1,,1,0.35,46.5,160,2100,95,LPL,LF,https://www.leitz-cine.com/product/elsie,Close focus reference not stated. IC 46.5 mm. LPL with Cooke /i. Weight kg->g.
leitz_elsie_40,Leitz,Elsie,40,,2.1,,1,0.35,46.5,160,2100,95,LPL,LF,https://www.leitz-cine.com/product/elsie,Close focus reference not stated. IC 46.5 mm. LPL with Cooke /i. Weight kg->g.
leitz_elsie_50,Leitz,Elsie,50,,2.1,,1,0.5,46.5,160,2000,95,LPL,LF,https://www.leitz-cine.com/product/elsie,Close focus reference not stated. IC 46.5 mm. LPL with Cooke /i. Weight kg->g.
leitz_elsie_65,Leitz,Elsie,65,,2.1,,1,0.65,46.5,160,2100,95,LPL,LF,https://www.leitz-cine.com/product/elsie,Close focus reference not stated. IC 46.5 mm. LPL with Cooke /i. Weight kg->g.
leitz_elsie_75,Leitz,Elsie,75,,2.1,,1,0.75,46.5,160,2100,95,LPL,LF,https://www.leitz-cine.com/product/elsie,Close focus reference not stated. IC 46.5 mm. LPL with Cooke /i. Weight kg->g.
leitz_elsie_100,Leitz,Elsie,100,,2.1,,1,0.85,46.5,160,2100,95,LPL,LF,https://www.leitz-cine.com/product/elsie,Close focus reference not stated. IC 46.5 mm. LPL with Cooke /i. Weight kg->g.
leitz_elsie_125,Leitz,Elsie,125,,2.1,,1,1.25,46.5,160,2400,114,LPL,LF,https://www.leitz-cine.com/product/elsie,Close focus reference not stated. IC 46.5 mm. LPL with Cooke /i. Weight kg->g.
leitz_elsie_150,Leitz,Elsie,150,,2.1,,1,1.5,46.5,160,2400,114,LPL,LF,https://www.leitz-cine.com/product/elsie,Close focus reference not stated. IC 46.5 mm. LPL with Cooke /i. Weight kg->g.
leitz_hektor_18,Leitz,Hektor,18,,2.1,,1,0.22,47.8,88.2,840,80,L-Mount;E-Mount;Nikon Z;RF,LF,https://www.leitz-cine.com/product/hektor,Close focus reference not stated. IC 47.8 mm. Also Fujifilm G mount (not in label set). M77 front filter except 18mm.
leitz_hektor_25,Leitz,Hektor,25,,2.1,,1,0.3,47.8,88.2,770,80,L-Mount;E-Mount;Nikon Z;RF,LF,https://www.leitz-cine.com/product/hektor,Close focus reference not stated. IC 47.8 mm. Also Fujifilm G mount (not in label set). M77 front filter except 18mm.
leitz_hektor_35,Leitz,Hektor,35,,2.1,,1,0.35,47.8,88.2,710,80,L-Mount;E-Mount;Nikon Z;RF,LF,https://www.leitz-cine.com/product/hektor,Close focus reference not stated. IC 47.8 mm. Also Fujifilm G mount (not in label set). M77 front filter except 18mm.
leitz_hektor_50,Leitz,Hektor,50,,2.1,,1,0.5,47.8,88.2,660,80,L-Mount;E-Mount;Nikon Z;RF,LF,https://www.leitz-cine.com/product/hektor,Close focus reference not stated. IC 47.8 mm. Also Fujifilm G mount (not in label set). M77 front filter except 18mm.
leitz_hektor_73,Leitz,Hektor,73,,2.1,,1,0.75,47.8,88.2,720,80,L-Mount;E-Mount;Nikon Z;RF,LF,https://www.leitz-cine.com/product/hektor,Close focus reference not stated. IC 47.8 mm. Also Fujifilm G mount (not in label set). M77 front filter except 18mm.
leitz_hektor_100,Leitz,Hektor,100,,2.1,,1,0.85,47.8,123,970,80,L-Mount;E-Mount;Nikon Z;RF,LF,https://www.leitz-cine.com/product/hektor,Close focus reference not stated. IC 47.8 mm. Also Fujifilm G mount (not in label set). M77 front filter except 18mm.
sigma_ff_high_speed_14,Sigma,Cine FF High Speed,14,,2,,1,0.27,43.3,111.5,1400,95,PL;EF;E-Mount,FF,https://www.sigma-global.com/en/cine-lenses/ff-high-speed-prime/14_2/,Length/weight PL mount; weight published in kg (1 decimal) converted to g; EF/E longer & heavier
sigma_ff_high_speed_20,Sigma,Cine FF High Speed,20,,1.5,,1,0.28,43.3,110,1300,95,PL;EF;E-Mount,FF,https://www.sigma-global.com/en/cine-lenses/ff-high-speed-prime/20_15/,Length/weight PL mount; weight published in kg (1 decimal) converted to g; EF/E longer & heavier
sigma_ff_high_speed_24,Sigma,Cine FF High Speed,24,,1.5,,1,0.25,43.3,87,1100,95,PL;EF;E-Mount,FF,https://www.sigma-global.com/en/cine-lenses/ff-high-speed-prime/24_15/,Length/weight PL mount; weight published in kg (1 decimal) converted to g; EF/E longer & heavier
sigma_ff_high_speed_28,Sigma,Cine FF High Speed,28,,1.5,,1,0.28,43.3,99.7,1300,95,PL;EF;E-Mount,FF,https://www.sigma-global.com/en/cine-lenses/ff-high-speed-prime/28_15/,Length/weight PL mount; weight published in kg (1 decimal) converted to g; EF/E longer & heavier
sigma_ff_high_speed_35,Sigma,Cine FF High Speed,35,,1.5,,1,0.3,43.3,87,1100,95,PL;EF;E-Mount,FF,https://www.sigma-global.com/en/cine-lenses/ff-high-speed-prime/35_15/,Length/weight PL mount; weight published in kg (1 decimal) converted to g; EF/E longer & heavier
sigma_ff_high_speed_40,Sigma,Cine FF High Speed,40,,1.5,,1,0.4,43.3,123,1500,95,PL;EF;E-Mount,FF,https://www.sigma-global.com/en/cine-lenses/ff-high-speed-prime/40_15/,Length/weight PL mount; weight published in kg (1 decimal) converted to g; EF/E longer & heavier
sigma_ff_high_speed_50,Sigma,Cine FF High Speed,50,,1.5,,1,0.4,43.3,94,1200,95,PL;EF;E-Mount,FF,https://www.sigma-global.com/en/cine-lenses/ff-high-speed-prime/50_15/,Length/weight PL mount; weight published in kg (1 decimal) converted to g; EF/E longer & heavier
sigma_ff_high_speed_65,Sigma,Cine FF High Speed,65,,1.5,,1,0.65,43.3,120.6,1500,95,PL;EF;E-Mount,FF,https://www.sigma-global.com/en/cine-lenses/ff-high-speed-prime/65_15/,Length/weight PL mount; weight published in kg (1 decimal) converted to g; EF/E longer & heavier
sigma_ff_high_speed_85,Sigma,Cine FF High Speed,85,,1.5,,1,0.85,43.3,118.9,1400,95,PL;EF;E-Mount,FF,https://www.sigma-global.com/en/cine-lenses/ff-high-speed-prime/85_15/,Length/weight PL mount; weight published in kg (1 decimal) converted to g; EF/E longer & heavier
sigma_ff_high_speed_105,Sigma,Cine FF High Speed,105,,1.5,,1,1.0,43.3,126.2,1700,95,PL;EF;E-Mount,FF,https://www.sigma-global.com/en/cine-lenses/ff-high-speed-prime/105_15/,Length/weight PL mount; weight published in kg (1 decimal) converted to g; EF/E longer & heavier
sigma_ff_high_speed_135,Sigma,Cine FF High Speed,135,,2,,1,0.88,43.3,106.9,1500,95,PL;EF;E-Mount,FF,https://www.sigma-global.com/en/cine-lenses/ff-high-speed-prime/135_2/,Length/weight PL mount; weight published in kg (1 decimal) converted to g; EF/E longer & heavier
sigma_ff_classic_14,Sigma,Cine FF Classic Prime,14,,3.2,,1,0.27,43.3,111.5,1400,95,PL,FF,https://www.sigma-global.com/en/cine-lenses/ff-classic-prime/14_32/,PL only (/i); weight published in kg (1 decimal) converted to g
sigma_ff_classic_20,Sigma,Cine FF Classic Prime,20,,2.5,,1,0.28,43.3,110,1300,95,PL,FF,https://www.sigma-global.com/en/cine-lenses/ff-classic-prime/20_25/,PL only (/i); weight published in kg (1 decimal) converted to g
sigma_ff_classic_24,Sigma,Cine FF Classic Prime,24,,2.5,,1,0.25,43.3,87,1100,95,PL,FF,https://www.sigma-global.com/en/cine-lenses/ff-classic-prime/24_25/,PL only (/i); weight published in kg (1 decimal) converted to g
sigma_ff_classic_28,Sigma,Cine FF Classic Prime,28,,2.5,,1,0.28,43.3,99.7,1300,95,PL,FF,https://www.sigma-global.com/en/cine-lenses/ff-classic-prime/28_25/,PL only (/i); weight published in kg (1 decimal) converted to g
sigma_ff_classic_35,Sigma,Cine FF Classic Prime,35,,2.5,,1,0.3,43.3,87,1100,95,PL,FF,https://www.sigma-global.com/en/cine-lenses/ff-classic-prime/35_25/,PL only (/i); weight published in kg (1 decimal) converted to g
sigma_ff_classic_40,Sigma,Cine FF Classic Prime,40,,2.5,,1,0.4,43.3,123,1500,95,PL,FF,https://www.sigma-global.com/en/cine-lenses/ff-classic-prime/40_25/,PL only (/i); weight published in kg (1 decimal) converted to g
sigma_ff_classic_50,Sigma,Cine FF Classic Prime,50,,2.5,,1,0.4,43.3,94,1200,95,PL,FF,https://www.sigma-global.com/en/cine-lenses/ff-classic-prime/50_25/,PL only (/i); weight published in kg (1 decimal) converted to g
sigma_ff_classic_65,Sigma,Cine FF Classic Prime,65,,2.5,,1,0.65,43.3,120.6,1600,95,PL,FF,https://www.sigma-global.com/en/cine-lenses/ff-classic-prime/65_25/,PL only (/i); weight published in kg (1 decimal) converted to g
sigma_ff_classic_85,Sigma,Cine FF Classic Prime,85,,2.5,,1,0.85,43.3,118.9,1400,95,PL,FF,https://www.sigma-global.com/en/cine-lenses/ff-classic-prime/85_25/,PL only (/i); weight published in kg (1 decimal) converted to g
sigma_ff_classic_105,Sigma,Cine FF Classic Prime,105,,2.5,,1,1.0,43.3,126.2,1700,95,PL,FF,https://www.sigma-global.com/en/cine-lenses/ff-classic-prime/105_25/,PL only (/i); weight published in kg (1 decimal) converted to g
sigma_ff_classic_135,Sigma,Cine FF Classic Prime,135,,3.2,,1,0.88,43.3,106.9,1500,95,PL,FF,https://www.sigma-global.com/en/cine-lenses/ff-classic-prime/135_32/,PL only (/i); weight published in kg (1 decimal) converted to g
dzofilm_vespid_12,DZOFilm,Vespid,12,,2.8,,1,0.2,46.5,72,725,80,PL;EF,FF,https://www.dzofilm.com/en/lens/prime/vespid-prime,Image circle 46.5mm (maker: VV/FF); weight approx; close focus from sensor; maker table uses merged cells; unmappable values left empty
dzofilm_vespid_16,DZOFilm,Vespid,16,,2.8,,1,,46.5,,930,80,PL;EF,FF,https://www.dzofilm.com/en/lens/prime/vespid-prime,Image circle 46.5mm (maker: VV/FF); weight approx; close focus from sensor; maker table uses merged cells; unmappable values left empty
dzofilm_vespid_21,DZOFilm,Vespid,21,,2.1,,1,,46.5,,880,80,PL;EF,FF,https://www.dzofilm.com/en/lens/prime/vespid-prime,Image circle 46.5mm (maker: VV/FF); weight approx; close focus from sensor; maker table uses merged cells; unmappable values left empty
dzofilm_vespid_25,DZOFilm,Vespid,25,,2.1,,1,,46.5,,1021,80,PL;EF,FF,https://www.dzofilm.com/en/lens/prime/vespid-prime,Image circle 46.5mm (maker: VV/FF); weight approx; close focus from sensor; maker table uses merged cells; unmappable values left empty
dzofilm_vespid_35,DZOFilm,Vespid,35,,2.1,,1,,46.5,,962,80,PL;EF,FF,https://www.dzofilm.com/en/lens/prime/vespid-prime,Image circle 46.5mm (maker: VV/FF); weight approx; close focus from sensor; maker table uses merged cells; unmappable values left empty
dzofilm_vespid_40,DZOFilm,Vespid,40,,2.1,,1,,46.5,,905,80,PL;EF,FF,https://www.dzofilm.com/en/lens/prime/vespid-prime,Image circle 46.5mm (maker: VV/FF); weight approx; close focus from sensor; maker table uses merged cells; unmappable values left empty
dzofilm_vespid_50,DZOFilm,Vespid,50,,2.1,,1,,46.5,,857,80,PL;EF,FF,https://www.dzofilm.com/en/lens/prime/vespid-prime,Image circle 46.5mm (maker: VV/FF); weight approx; close focus from sensor; maker table uses merged cells; unmappable values left empty
dzofilm_vespid_75,DZOFilm,Vespid,75,,2.1,,1,0.6,46.5,,887,80,PL;EF,FF,https://www.dzofilm.com/en/lens/prime/vespid-prime,Image circle 46.5mm (maker: VV/FF); weight approx; close focus from sensor; maker table uses merged cells; unmappable values left empty
dzofilm_vespid_90,DZOFilm,Vespid,90,,2.8,,1,0.258,46.5,,839,80,PL;EF,FF,https://www.dzofilm.com/en/lens/prime/vespid-prime,Macro (1.5X per maker); Image circle 46.5mm (maker: VV/FF); weight approx; close focus from sensor; maker table uses merged cells; unmappable values left empty
dzofilm_vespid_100,DZOFilm,Vespid,100,,2.1,,1,0.7,46.5,,945,80,PL;EF,FF,https://www.dzofilm.com/en/lens/prime/vespid-prime,Image circle 46.5mm (maker: VV/FF); weight approx; close focus from sensor; maker table uses merged cells; unmappable values left empty
dzofilm_vespid_125,DZOFilm,Vespid,125,,2.1,,1,0.79,46.5,100,981,80,PL;EF,FF,https://www.dzofilm.com/en/lens/prime/vespid-prime,Image circle 46.5mm (maker: VV/FF); weight approx; close focus from sensor; maker table uses merged cells; unmappable values left empty
dzofilm_vespid_retro_16,DZOFilm,Vespid Retro,16,,2.8,,1,0.25,46.5,87,930,80,PL;EF,FF,https://www.dzofilm.com/en/lens/prime/vespid-retro,Image circle 46.5mm (maker: VV/FF); weight approx; maker table uses merged cells; unmappable values left empty
dzofilm_vespid_retro_25,DZOFilm,Vespid Retro,25,,2.1,,1,,46.5,,1021,80,PL;EF,FF,https://www.dzofilm.com/en/lens/prime/vespid-retro,Image circle 46.5mm (maker: VV/FF); weight approx; maker table uses merged cells; unmappable values left empty
dzofilm_vespid_retro_35,DZOFilm,Vespid Retro,35,,2.1,,1,,46.5,,962,80,PL;EF,FF,https://www.dzofilm.com/en/lens/prime/vespid-retro,Image circle 46.5mm (maker: VV/FF); weight approx; maker table uses merged cells; unmappable values left empty
dzofilm_vespid_retro_50,DZOFilm,Vespid Retro,50,,2.1,,1,,46.5,,857,80,PL;EF,FF,https://www.dzofilm.com/en/lens/prime/vespid-retro,Image circle 46.5mm (maker: VV/FF); weight approx; maker table uses merged cells; unmappable values left empty
dzofilm_vespid_retro_75,DZOFilm,Vespid Retro,75,,2.1,,1,,46.5,,887,80,PL;EF,FF,https://www.dzofilm.com/en/lens/prime/vespid-retro,Image circle 46.5mm (maker: VV/FF); weight approx; maker table uses merged cells; unmappable values left empty
dzofilm_vespid_retro_100,DZOFilm,Vespid Retro,100,,2.1,,1,,46.5,,945,80,PL;EF,FF,https://www.dzofilm.com/en/lens/prime/vespid-retro,Image circle 46.5mm (maker: VV/FF); weight approx; maker table uses merged cells; unmappable values left empty
dzofilm_vespid_retro_125,DZOFilm,Vespid Retro,125,,2.1,,1,0.79,46.5,100,981,80,PL;EF,FF,https://www.dzofilm.com/en/lens/prime/vespid-retro,Image circle 46.5mm (maker: VV/FF); weight approx; maker table uses merged cells; unmappable values left empty
dzofilm_vespid_2_18,DZOFilm,Vespid Prime 2,18,,1.9,,1,0.25,46.5,80,766,80,PL,FF,https://www.dzofilm.com/en/lens/prime/vespid-prime2,Length 80mm PL (shared); weight approx; image circle 46.5mm (VV/FF); close focus row has 5 values for 6 lenses - interior values unmappable
dzofilm_vespid_2_24,DZOFilm,Vespid Prime 2,24,,1.9,,1,,46.5,80,776,80,PL,FF,https://www.dzofilm.com/en/lens/prime/vespid-prime2,Length 80mm PL (shared); weight approx; image circle 46.5mm (VV/FF); close focus row has 5 values for 6 lenses - interior values unmappable
dzofilm_vespid_2_35,DZOFilm,Vespid Prime 2,35,,1.9,,1,,46.5,80,800,80,PL,FF,https://www.dzofilm.com/en/lens/prime/vespid-prime2,Length 80mm PL (shared); weight approx; image circle 46.5mm (VV/FF); close focus row has 5 values for 6 lenses - interior values unmappable
dzofilm_vespid_2_50,DZOFilm,Vespid Prime 2,50,,1.9,,1,,46.5,80,836,80,PL,FF,https://www.dzofilm.com/en/lens/prime/vespid-prime2,Length 80mm PL (shared); weight approx; image circle 46.5mm (VV/FF); close focus row has 5 values for 6 lenses - interior values unmappable
dzofilm_vespid_2_85,DZOFilm,Vespid Prime 2,85,,1.9,,1,,46.5,80,865,80,PL,FF,https://www.dzofilm.com/en/lens/prime/vespid-prime2,Length 80mm PL (shared); weight approx; image circle 46.5mm (VV/FF); close focus row has 5 values for 6 lenses - interior values unmappable
dzofilm_vespid_2_105,DZOFilm,Vespid Prime 2,105,,1.9,,1,0.9,46.5,80,833,80,PL,FF,https://www.dzofilm.com/en/lens/prime/vespid-prime2,Length 80mm PL (shared); weight approx; image circle 46.5mm (VV/FF); close focus row has 5 values for 6 lenses - interior values unmappable
dzofilm_arles_14,DZOFilm,Arles,14,,1.9,,1,0.28,46.5,121,1646,95,PL;EF,FF,https://www.dzofilm.com/en/lens/prime/arles-prime,Weight approx; image circle 46.5mm (VV/FF); length PL (EF +8mm); maker table uses merged cells; unmappable values left empty
dzofilm_arles_18,DZOFilm,Arles,18,,1.4,,1,,46.5,,1663,95,PL;EF,FF,https://www.dzofilm.com/en/lens/prime/arles-prime,Weight approx; image circle 46.5mm (VV/FF); length PL (EF +8mm); maker table uses merged cells; unmappable values left empty
dzofilm_arles_21,DZOFilm,Arles,21,,,,1,,46.5,,1500,95,PL;EF,FF,https://www.dzofilm.com/en/lens/prime/arles-prime,Weight approx; image circle 46.5mm (VV/FF); length PL (EF +8mm); T-stop is T1.4 or T1.8 per merged maker table (series T1.4-T2.4) - not mappable; maker table uses merged cells; unmappable values left empty
dzofilm_arles_25,DZOFilm,Arles,25,,,,1,,46.5,,1490,95,PL;EF,FF,https://www.dzofilm.com/en/lens/prime/arles-prime,Weight approx; image circle 46.5mm (VV/FF); length PL (EF +8mm); T-stop is T1.4 or T1.8 per merged maker table (series T1.4-T2.4) - not mappable; maker table uses merged cells; unmappable values left empty
dzofilm_arles_35,DZOFilm,Arles,35,,,,1,,46.5,,1650,95,PL;EF,FF,https://www.dzofilm.com/en/lens/prime/arles-prime,Weight approx; image circle 46.5mm (VV/FF); length PL (EF +8mm); T-stop is T1.4 or T1.8 per merged maker table (series T1.4-T2.4) - not mappable; maker table uses merged cells; unmappable values left empty
dzofilm_arles_40,DZOFilm,Arles,40,,,,1,,46.5,,1633,95,PL;EF,FF,https://www.dzofilm.com/en/lens/prime/arles-prime,Weight approx; image circle 46.5mm (VV/FF); length PL (EF +8mm); T-stop is T1.4 or T1.8 per merged maker table (series T1.4-T2.4) - not mappable; maker table uses merged cells; unmappable values left empty
dzofilm_arles_50,DZOFilm,Arles,50,,,,1,,46.5,,1688,95,PL;EF,FF,https://www.dzofilm.com/en/lens/prime/arles-prime,Weight approx; image circle 46.5mm (VV/FF); length PL (EF +8mm); T-stop is T1.4 or T1.8 per merged maker table (series T1.4-T2.4) - not mappable; maker table uses merged cells; unmappable values left empty
dzofilm_arles_75,DZOFilm,Arles,75,,,,1,,46.5,,1662,95,PL;EF,FF,https://www.dzofilm.com/en/lens/prime/arles-prime,Weight approx; image circle 46.5mm (VV/FF); length PL (EF +8mm); T-stop is T1.4 or T1.8 per merged maker table (series T1.4-T2.4) - not mappable; maker table uses merged cells; unmappable values left empty
dzofilm_arles_100,DZOFilm,Arles,100,,,,1,,46.5,,1830,95,PL;EF,FF,https://www.dzofilm.com/en/lens/prime/arles-prime,Weight approx; image circle 46.5mm (VV/FF); length PL (EF +8mm); T-stop is T1.4 or T1.8 per merged maker table (series T1.4-T2.4) - not mappable; maker table uses merged cells; unmappable values left empty
dzofilm_arles_135,DZOFilm,Arles,135,,,,1,,46.5,,1846,95,PL;EF,FF,https://www.dzofilm.com/en/lens/prime/arles-prime,Weight approx; image circle 46.5mm (VV/FF); length PL (EF +8mm); T-stop is T1.4 or T1.8 per merged maker table (series T1.4-T2.4) - not mappable; maker table uses merged cells; unmappable values left empty
dzofilm_arles_180,DZOFilm,Arles,180,,2.4,,1,1.07,46.5,130,1675,95,PL;EF,FF,https://www.dzofilm.com/en/lens/prime/arles-prime,Weight approx; image circle 46.5mm (VV/FF); length PL (EF +8mm); maker table uses merged cells; unmappable values left empty
dzofilm_gnosis_24,DZOFilm,Gnosis Macro,24,,2.8,,1,0.155,46.5,100,1265,114,PL;EF;LPL,FF,https://www.dzofilm.com/en/lens/macro-probe/gnosis-macro,Macro 0.8X; close focus from sensor; weight approx; length row has 2 values for 4 lenses
dzofilm_gnosis_32,DZOFilm,Gnosis Macro,32,,2.8,,1,0.167,46.5,,1460,114,PL;EF;LPL,FF,https://www.dzofilm.com/en/lens/macro-probe/gnosis-macro,Macro 1.0X; close focus from sensor; weight approx; length row has 2 values for 4 lenses
dzofilm_gnosis_65,DZOFilm,Gnosis Macro,65,,2.8,,1,0.237,46.5,,1447.5,114,PL;EF;LPL,FF,https://www.dzofilm.com/en/lens/macro-probe/gnosis-macro,Macro 1.33X; close focus from sensor; weight approx; length row has 2 values for 4 lenses
dzofilm_gnosis_90,DZOFilm,Gnosis Macro,90,,2.8,,1,0.258,46.5,112,1280.5,114,PL;EF;LPL,FF,https://www.dzofilm.com/en/lens/macro-probe/gnosis-macro,Macro 1.5X; close focus from sensor; weight approx; length row has 2 values for 4 lenses
xeen_cf_16,XEEN,XEEN CF,16,,2.6,,1,0.3,43.3,82.3,900,95,PL;EF;E-Mount,FF,https://xeenglobal.com/en/xeen-cf.php,"Length/weight PL (weight in kg, 1 decimal, converted); LPL via adapter"
xeen_cf_24,XEEN,XEEN CF,24,,1.5,,1,0.25,43.3,90.5,900,95,PL;EF;E-Mount,FF,https://xeenglobal.com/en/xeen-cf.php,"Length/weight PL (weight in kg, 1 decimal, converted); LPL via adapter"
xeen_cf_35,XEEN,XEEN CF,35,,1.5,,1,0.33,43.3,113.7,1100,95,PL;EF;E-Mount,FF,https://xeenglobal.com/en/xeen-cf.php,"Length/weight PL (weight in kg, 1 decimal, converted); LPL via adapter; 35mm length as published equals 135mm figure - verify"
xeen_cf_50,XEEN,XEEN CF,50,,1.5,,1,0.45,43.3,90.5,900,95,PL;EF;E-Mount,FF,https://xeenglobal.com/en/xeen-cf.php,"Length/weight PL (weight in kg, 1 decimal, converted); LPL via adapter"
xeen_cf_85,XEEN,XEEN CF,85,,1.5,,1,1.12,43.3,90.5,1000,95,PL;EF;E-Mount,FF,https://xeenglobal.com/en/xeen-cf.php,"Length/weight PL (weight in kg, 1 decimal, converted); LPL via adapter"
xeen_cf_135,XEEN,XEEN CF,135,,2.2,,1,0.8,43.2,113.7,1400,95,PL;EF;E-Mount,FF,https://xeenglobal.com/en/xeen-cf.php,"Length/weight PL (weight in kg, 1 decimal, converted); LPL via adapter"
xeen_meister_14,XEEN,XEEN Meister,14,,2.6,,1,0.35,43.2,92.9,1500,134,PL;EF;E-Mount,FF,https://xeenglobal.com/en/xeen-meister.php,"Length/weight PL (weight in kg, 1 decimal, converted)"
xeen_meister_24,XEEN,XEEN Meister,24,,1.3,,1,0.35,43.2,122,2000,114,PL;EF;E-Mount,FF,https://xeenglobal.com/en/xeen-meister.php,"Length/weight PL (weight in kg, 1 decimal, converted)"
xeen_meister_35,XEEN,XEEN Meister,35,,1.3,,1,0.34,43.2,122,1900,114,PL;EF;E-Mount,FF,https://xeenglobal.com/en/xeen-meister.php,"Length/weight PL (weight in kg, 1 decimal, converted)"
xeen_meister_50,XEEN,XEEN Meister,50,,1.3,,1,0.45,43.2,122,2300,114,PL;EF;E-Mount,FF,https://xeenglobal.com/en/xeen-meister.php,"Length/weight PL (weight in kg, 1 decimal, converted)"
xeen_meister_85,XEEN,XEEN Meister,85,,1.3,,1,0.8,43.2,122,1900,114,PL;EF;E-Mount,FF,https://xeenglobal.com/en/xeen-meister.php,"Length/weight PL (weight in kg, 1 decimal, converted)"
samyang_vdslr_mk2_14,Samyang,VDSLR MK2,14,,3.1,,1,0.28,,96.1,650.2,,EF;E-Mount;RF;Nikon F;X-Mount;MFT,FF,https://www.lksamyang.com/en/product/product-view.php?seq=522,"Length/weight Canon EF; also Canon M mount; maker states FF 24x36 coverage, no image circle figure; body dia 84mm (14mm: 87mm)"
samyang_vdslr_mk2_24,Samyang,VDSLR MK2,24,,1.5,,1,0.25,,97.1,597.8,,EF;E-Mount;RF;Nikon F;X-Mount;MFT,FF,https://www.lksamyang.com/en/product/product-view.php?seq=498,"Length/weight Canon EF; also Canon M mount; maker states FF 24x36 coverage, no image circle figure; body dia 84mm (14mm: 87mm)"
samyang_vdslr_mk2_35,Samyang,VDSLR MK2,35,,1.5,,1,0.3,,111.5,738.0,,EF;E-Mount;RF;Nikon F;X-Mount;MFT,FF,https://www.lksamyang.com/en/product/product-view.php?seq=494,"Length/weight Canon EF; also Canon M mount; maker states FF 24x36 coverage, no image circle figure; body dia 84mm (14mm: 87mm)"
samyang_vdslr_mk2_50,Samyang,VDSLR MK2,50,,1.5,,1,0.45,,74.7,525.8,,EF;E-Mount;RF;Nikon F;X-Mount;MFT,FF,https://www.lksamyang.com/en/product/product-view.php?seq=490,"Length/weight Canon EF; also Canon M mount; maker states FF 24x36 coverage, no image circle figure; body dia 84mm (14mm: 87mm)"
samyang_vdslr_mk2_85,Samyang,VDSLR MK2,85,,1.5,,1,1.1,,74.7,561.6,,EF;E-Mount;RF;Nikon F;X-Mount;MFT,FF,https://www.lksamyang.com/en/product/product-view.php?seq=486,"Length/weight Canon EF; also Canon M mount; maker states FF 24x36 coverage, no image circle figure; body dia 84mm (14mm: 87mm)"
samyang_vdslr_mk2_135,Samyang,VDSLR MK2,135,,2.2,,1,0.8,,122.1,866.4,,EF;E-Mount;RF;Nikon F;X-Mount;MFT,FF,https://www.lksamyang.com/en/product/product-view.php?seq=551,"Length/weight Canon EF; also Canon M mount; maker states FF 24x36 coverage, no image circle figure; body dia 84mm (14mm: 87mm)"
samyang_v_af_20,Samyang,V-AF,20,,1.9,,1,0.2,43.3,76.9,300,70,E-Mount,FF,https://www.lksamyang.com/en/product/v-af.php,Autofocus cine; weight in kg converted; rear gelatin filter
samyang_v_af_24,Samyang,V-AF,24,,1.9,,1,0.19,43.3,72.1,280,70,E-Mount,FF,https://www.lksamyang.com/en/product/v-af.php,Autofocus cine; weight in kg converted
samyang_v_af_35,Samyang,V-AF,35,,1.9,,1,0.29,43.3,72.1,280,70,E-Mount,FF,https://www.lksamyang.com/en/product/v-af.php,Autofocus cine; weight in kg converted
samyang_v_af_45,Samyang,V-AF,45,,1.9,,1,0.38,43.3,72.1,280,70,E-Mount,FF,https://www.lksamyang.com/en/product/v-af.php,Autofocus cine; weight in kg converted
samyang_v_af_75,Samyang,V-AF,75,,1.9,,1,0.69,43.3,72.1,280,70,E-Mount,FF,https://www.lksamyang.com/en/product/v-af.php,Autofocus cine; weight in kg converted
samyang_v_af_100,Samyang,V-AF,100,,2.3,,1,0.7,43.3,85.3,280,70,E-Mount,FF,https://www.lksamyang.com/en/product/v-af.php,Autofocus cine; weight in kg converted
tokina_vista_18,Tokina,Vista Prime,18,,1.5,,1,0.45,46.7,,2680,114,PL;EF;MFT;E-Mount;LPL,FF,https://www.tokinacinema.com/vista-prime-t15,Weight PL (kg converted); length not published; no front filter
tokina_vista_21,Tokina,Vista Prime,21,,1.5,,1,0.36,46.7,,2330,114,PL;EF;MFT;E-Mount;LPL,FF,https://www.tokinacinema.com/vista-prime-t15,Weight PL (kg converted); length not published
tokina_vista_25,Tokina,Vista Prime,25,,1.5,,1,0.35,46.7,,2190,114,PL;EF;MFT;E-Mount;LPL,FF,https://www.tokinacinema.com/vista-prime-t15,Weight PL (kg converted); length not published
tokina_vista_29,Tokina,Vista Prime,29,,1.5,,1,0.35,46.7,,2250,114,PL;EF;MFT;E-Mount;LPL,FF,https://www.tokinacinema.com/vista-prime-t15,Weight PL (kg converted); length not published
tokina_vista_35,Tokina,Vista Prime,35,,1.5,,1,0.41,46.7,,1950,114,PL;EF;MFT;E-Mount;LPL,FF,https://www.tokinacinema.com/vista-prime-t15,Weight PL (kg converted); length not published
tokina_vista_40,Tokina,Vista Prime,40,,1.5,,1,0.45,46.7,,2240,114,PL;EF;MFT;E-Mount;LPL,FF,https://www.tokinacinema.com/vista-prime-t15,Weight PL (kg converted); length not published
tokina_vista_50,Tokina,Vista Prime,50,,1.5,,1,0.48,46.7,,2110,114,PL;EF;MFT;E-Mount;LPL,FF,https://www.tokinacinema.com/vista-prime-t15,Weight PL (kg converted); length not published
tokina_vista_65,Tokina,Vista Prime,65,,1.5,,1,0.69,46.7,,2290,114,PL;EF;MFT;E-Mount;LPL,FF,https://www.tokinacinema.com/vista-prime-t15,Weight PL (kg converted); length not published
tokina_vista_85,Tokina,Vista Prime,85,,1.5,,1,0.95,46.7,,2150,114,PL;EF;MFT;E-Mount;LPL,FF,https://www.tokinacinema.com/vista-prime-t15,Weight PL (kg converted); length not published
tokina_vista_105,Tokina,Vista Prime,105,,1.5,,1,1.15,46.7,,2560,114,PL;EF;MFT;E-Mount;LPL,FF,https://www.tokinacinema.com/vista-prime-t15,Weight PL (kg converted); length not published
tokina_vista_135,Tokina,Vista Prime,135,,1.5,,1,1.4,46.7,,2990,114,PL;EF;MFT;E-Mount;LPL,FF,https://www.tokinacinema.com/vista-prime-t15,Weight PL (kg converted); length not published; max diameter 124mm (front head listed as 114mm series-wide)
irix_cine_11,Irix,Irix Cine,11,,4.3,,1,0.27,43.3,104,1130,95,PL;EF;RF;E-Mount;L-Mount;Nikon Z;X-Mount;MFT,FF,https://irixlens.com/cine-lenses/cine-lenses-11mm/,Length/weight PL
irix_cine_15,Irix,Irix Cine,15,,2.6,,1,0.25,43.3,88,915,95,PL;EF;RF;E-Mount;L-Mount;Nikon Z;X-Mount;MFT,FF,https://irixlens.com/cine-lenses/15mm/,Length/weight PL
irix_cine_21,Irix,Irix Cine,21,,1.5,,1,0.3,43.3,93,1105,95,PL;EF;RF;E-Mount;L-Mount;Nikon Z;X-Mount;MFT,FF,https://irixlens.com/cine-lenses/21mm/,Length/weight PL
irix_cine_30,Irix,Irix Cine,30,,1.5,,1,0.34,43.3,99,1136,95,PL;EF;RF;E-Mount;L-Mount;Nikon Z;X-Mount;MFT,FF,https://irixlens.com/cine-lenses/30mm/,Length/weight PL
irix_cine_45,Irix,Irix Cine,45,,1.5,,1,0.4,43.3,114,1135,95,PL;EF;RF;E-Mount;L-Mount;Nikon Z;X-Mount;MFT,FF,https://irixlens.com/cine-lenses/cine-lenses-45mm/,Length/weight PL
irix_cine_65,Irix,Irix Cine,65,,1.5,,1,0.6,43.3,105,1292,95,PL;EF;RF;E-Mount;L-Mount;Nikon Z;X-Mount;MFT,FF,https://irixlens.com/cine-lenses/65mm/,Length/weight PL
irix_cine_150_macro,Irix,Irix Cine,150,,3.0,,1,0.35,43.3,129,1110,95,PL;EF;RF;E-Mount;L-Mount;Nikon Z;X-Mount;MFT,FF,https://irixlens.com/cine-lenses/cine-lenses-150mm/,Length/weight PL; 1:1 macro
irix_cine_150_tele,Irix,Irix Cine,150,,3.0,,1,0.67,43.3,129,1110,95,PL;EF;RF;E-Mount;L-Mount;Nikon Z;X-Mount;MFT,FF,https://irixlens.com/cine-lenses/150mm-tele/,Length/weight PL; length/weight identical to 150 Macro as published
sirui_nightwalker_16,SIRUI,Nightwalker,16,,1.2,,1,0.3,,95.4,592,,E-Mount;X-Mount;RF;MFT;L-Mount,S35,https://store.sirui.com/products/night-walker-t1-2-s35-cine-lens-series,"Length/weight E-mount; maker states APS-C/S35 coverage, no image circle; max diameter 79mm (front dia not stated); M67 filter"
sirui_nightwalker_24,SIRUI,Nightwalker,24,,1.2,,1,0.3,,85.4,505,,E-Mount;X-Mount;RF;MFT;L-Mount,S35,https://store.sirui.com/products/night-walker-t1-2-s35-cine-lens-series,"Length/weight E-mount; maker states APS-C/S35 coverage, no image circle; max diameter 79mm (front dia not stated); M67 filter; L-mount in selector but not in spec table"
sirui_nightwalker_35,SIRUI,Nightwalker,35,,1.2,,1,0.4,,85.4,513,,E-Mount;X-Mount;RF;MFT;L-Mount,S35,https://store.sirui.com/products/night-walker-t1-2-s35-cine-lens-series,"Length/weight E-mount; maker states APS-C/S35 coverage, no image circle; max diameter 79mm (front dia not stated); M67 filter; L-mount in selector but not in spec table"
sirui_nightwalker_55,SIRUI,Nightwalker,55,,1.2,,1,0.6,,85.4,555,,E-Mount;X-Mount;RF;MFT;L-Mount,S35,https://store.sirui.com/products/night-walker-t1-2-s35-cine-lens-series,"Length/weight E-mount; maker states APS-C/S35 coverage, no image circle; max diameter 79mm (front dia not stated); M67 filter; L-mount in selector but not in spec table"
sirui_nightwalker_75,SIRUI,Nightwalker,75,,1.2,,1,0.7,,94.1,593,,E-Mount;X-Mount;RF;MFT;L-Mount,S35,https://store.sirui.com/products/night-walker-t1-2-s35-cine-lens-series,"Length/weight E-mount; maker states APS-C/S35 coverage, no image circle; max diameter 79mm (front dia not stated); M67 filter"
sirui_jupiter_24,SIRUI,Jupiter,24,,2,,1,,,,,95,PL;EF,FF,https://store.sirui.com/products/sirui-jupiter-full-frame-cine-lenses-pl-ef-mount,FF macro; MOD 0.24m stated series-wide not per lens; 95mm front per series page; size/weight not published
sirui_jupiter_35,SIRUI,Jupiter,35,,2,,1,,,,,95,PL;EF,FF,https://store.sirui.com/products/sirui-jupiter-full-frame-cine-lenses-pl-ef-mount,FF macro; MOD 0.24m stated series-wide not per lens; 95mm front per series page; size/weight not published
sirui_jupiter_50,SIRUI,Jupiter,50,,2,,1,,,,,95,PL;EF,FF,https://store.sirui.com/products/sirui-jupiter-full-frame-cine-lenses-pl-ef-mount,FF macro; MOD 0.24m stated series-wide not per lens; 95mm front per series page; size/weight not published
sirui_jupiter_75,SIRUI,Jupiter,75,,2.8,,1,0.29,,,,95,PL;EF,FF,https://store.sirui.com/products/sirui-jupiter-series-full-frame-macro-cine-lens,Macro 1X; 0.29m MOD stated jointly for 75/100
sirui_jupiter_100,SIRUI,Jupiter,100,,2.8,,1,0.29,,,803,95,PL;EF,FF,https://store.sirui.com/products/sirui-jupiter-series-full-frame-macro-cine-lens,Macro 1.5X; 0.29m MOD stated jointly for 75/100; weight mount unspecified
sirui_vision_prime_15,SIRUI,Vision Prime,15,,1.6,,1,0.3,,107,607,,E-Mount;L-Mount;RF;Nikon Z,FF,https://store.sirui.com/products/vision-prime-1-series-t1-4-full-frame-cine-lens,Length/weight E-mount; user-changeable mounts; page cites 46mm image circle series-wide without per-lens mapping; max dia 80mm
sirui_vision_prime_24,SIRUI,Vision Prime,24,,1.4,,1,0.26,,107.2,597,,E-Mount;L-Mount;RF;Nikon Z,FF,https://store.sirui.com/products/vision-prime-1-series-t1-4-full-frame-cine-lens,Length/weight E-mount; user-changeable mounts; page cites 46mm image circle series-wide without per-lens mapping; max dia 80mm
sirui_vision_prime_35,SIRUI,Vision Prime,35,,1.4,,1,0.3,,106,590,,E-Mount;L-Mount;RF;Nikon Z,FF,https://store.sirui.com/products/vision-prime-1-series-t1-4-full-frame-cine-lens,Length/weight E-mount; user-changeable mounts; page cites 46mm image circle series-wide without per-lens mapping; max dia 80mm
sirui_vision_prime_50,SIRUI,Vision Prime,50,,1.4,,1,0.43,,102.2,599,,E-Mount;L-Mount;RF;Nikon Z,FF,https://store.sirui.com/products/vision-prime-1-series-t1-4-full-frame-cine-lens,Length/weight E-mount; user-changeable mounts; page cites 46mm image circle series-wide without per-lens mapping; max dia 80mm
sirui_vision_prime_75,SIRUI,Vision Prime,75,,1.4,,1,0.75,,96.7,599,,E-Mount;L-Mount;RF;Nikon Z,FF,https://store.sirui.com/products/vision-prime-1-series-t1-4-full-frame-cine-lens,Length/weight E-mount; user-changeable mounts; page cites 46mm image circle series-wide without per-lens mapping; max dia 80mm
sirui_vision_prime_150,SIRUI,Vision Prime,150,,4,,1,0.29,,146.6,715,,E-Mount;L-Mount;RF;Nikon Z,FF,https://store.sirui.com/products/vision-prime-1-series-t1-4-full-frame-cine-lens,Length/weight E-mount; user-changeable mounts; page cites 46mm image circle series-wide without per-lens mapping; max dia 80mm
meike_ff_prime_16,Meike,FF Prime Cine,16,,2.5,,1,0.25,45,88.8,,,PL;EF;RF;E-Mount,FF,https://meikeglobal.com/products/series6-7cine-lens-kit-for-full-frame-c500ii-sonyvenice,Length PL; weight published only as range 812-890g (left empty); close focus converted from cm; outer dia 90mm (front dia not stated); L-mount in shop menu
meike_ff_prime_24,Meike,FF Prime Cine,24,,2.1,,1,0.3,45,101.9,,,PL;EF;RF;E-Mount,FF,https://meikeglobal.com/products/series6-7cine-lens-kit-for-full-frame-c500ii-sonyvenice,Length PL; weight published only as range 963-1034g (left empty); close focus converted from cm; outer dia 85mm (front dia not stated); L-mount in shop menu
meike_ff_prime_35,Meike,FF Prime Cine,35,,2.1,,1,0.33,45,102.5,,,PL;EF;RF;E-Mount,FF,https://meikeglobal.com/products/series6-7cine-lens-kit-for-full-frame-c500ii-sonyvenice,Length PL; weight published only as range 1108-1182g (left empty); close focus converted from cm; outer dia 85mm (front dia not stated); L-mount in shop menu
meike_ff_prime_50,Meike,FF Prime Cine,50,,2.1,,1,0.6,,102.5,,,PL;EF;RF;E-Mount;Nikon Z,FF,https://meikeglobal.com/products/series6-7cine-lens-kit-for-full-frame-c500ii-sonyvenice,Length PL; weight published only as range 1099-1172g (left empty); close focus converted from cm; outer dia 85mm (front dia not stated); L-mount in shop menu; image circle not listed for 50mm
meike_ff_prime_85,Meike,FF Prime Cine,85,,2.1,,1,0.85,45,102.5,,,PL;EF;RF;E-Mount,FF,https://meikeglobal.com/products/series6-7cine-lens-kit-for-full-frame-c500ii-sonyvenice,Length PL; weight published only as range 1078-1152g (left empty); close focus converted from cm; outer dia 85mm (front dia not stated); L-mount in shop menu
meike_ff_prime_105,Meike,FF Prime Cine,105,,2.1,,1,1.0,45,102.5,,,PL;EF;RF;E-Mount,FF,https://meikeglobal.com/products/series6-7cine-lens-kit-for-full-frame-c500ii-sonyvenice,Length PL; weight published only as range 988-1046g (left empty); close focus converted from cm; outer dia 85mm (front dia not stated); L-mount in shop menu
meike_ff_prime_135,Meike,FF Prime Cine,135,,2.4,,1,1.0,45,102.5,,,PL;EF;RF;E-Mount,FF,https://meikeglobal.com/products/series6-7cine-lens-kit-for-full-frame-c500ii-sonyvenice,Length PL; weight published only as range 988-1202g (left empty); close focus converted from cm; outer dia 85mm (front dia not stated); L-mount in shop menu
meike_s35_prime_12,Meike,S35 Prime Cine,12,,2.5,,1,0.2,28.2,103,880,,PL;EF,S35,https://meikeglobal.com/products/super-35-frame-for-18mm-cinematic-capturing-filmmaker,Length/weight PL; close focus converted from cm; outer dia 90mm (front dia not stated)
meike_s35_prime_18,Meike,S35 Prime Cine,18,,2.1,,1,0.25,33.5,93.4,849,,PL;EF,S35,https://meikeglobal.com/products/super-35-frame-for-18mm-cinematic-capturing-filmmaker,Length/weight PL; close focus converted from cm; outer dia 80mm (front dia not stated)
meike_s35_prime_25,Meike,S35 Prime Cine,25,,2.1,,1,0.35,33.6,96.7,927,,PL;EF,S35,https://meikeglobal.com/products/super-35-frame-for-18mm-cinematic-capturing-filmmaker,Length/weight PL; close focus converted from cm; outer dia 80mm (front dia not stated)
meike_s35_prime_35,Meike,S35 Prime Cine,35,,2.1,,1,0.48,33.6,98.5,972,,PL;EF,S35,https://meikeglobal.com/products/super-35-frame-for-18mm-cinematic-capturing-filmmaker,Length/weight PL; close focus converted from cm; outer dia 80mm (front dia not stated)
meike_s35_prime_50,Meike,S35 Prime Cine,50,,2.1,,1,0.6,33.6,98.5,972,,PL;EF,S35,https://meikeglobal.com/products/super-35-frame-for-18mm-cinematic-capturing-filmmaker,Length/weight PL; close focus converted from cm; outer dia 80mm (front dia not stated)
meike_s35_prime_75,Meike,S35 Prime Cine,75,,2.1,,1,0.7,33.6,98.5,990,,PL;EF,S35,https://meikeglobal.com/products/super-35-frame-for-18mm-cinematic-capturing-filmmaker,Length/weight PL; close focus converted from cm; outer dia 80mm (front dia not stated)
meike_s35_prime_100,Meike,S35 Prime Cine,100,,2.1,,1,0.9,33.6,98.5,945.6,,PL;EF,S35,https://meikeglobal.com/products/super-35-frame-for-18mm-cinematic-capturing-filmmaker,Length/weight PL; close focus converted from cm; outer dia 80mm (front dia not stated)
arri_signature_zoom_16_32,ARRI,Signature Zoom,16,32,2.8,,1,0.45,,212,3200,156,LPL,LF,https://www.arri.com/en/cine-lenses/signature-lenses/signature-primes-zooms/signature-zooms/technical-data-signature-zoom,Close focus = MOD from sensor plane; length from flange; weight lens only (kg->g). No image circle published; designed for LF.
arri_signature_zoom_24_75,ARRI,Signature Zoom,24,75,2.8,,1,0.7,,244,3700,114,LPL,LF,https://www.arri.com/en/cine-lenses/signature-lenses/signature-primes-zooms/signature-zooms/technical-data-signature-zoom,Close focus = MOD from sensor plane; length from flange; weight lens only (kg->g). No image circle published; designed for LF.
arri_signature_zoom_45_135,ARRI,Signature Zoom,45,135,2.8,,1,1.0,,300,3600,114,LPL,LF,https://www.arri.com/en/cine-lenses/signature-lenses/signature-primes-zooms/signature-zooms/technical-data-signature-zoom,Close focus = MOD from sensor plane; length from flange; weight lens only (kg->g). No image circle published; designed for LF.
arri_signature_zoom_65_300,ARRI,Signature Zoom,65,300,2.8,,1,1.8,,420,8100,156,LPL,LF,https://www.arri.com/en/cine-lenses/signature-lenses/signature-primes-zooms/signature-zooms/technical-data-signature-zoom,"Close focus = MOD from sensor plane; length from flange; weight lens only (kg->g). No image circle published; designed for LF. Optional 1.7x extender: T4.95, 456.8 mm, 8.7 kg."
fujinon_premista_19_45,Fujinon,Premista,19,45,2.9,,1,0.6,46.3,228,3300,114,PL,LF,https://www.fujifilm.com/de/en/business/cine-and-broadcast/cinelens/premista,MOD from sensor plane; 46.3 mm max image circle; weight kg->g. Length approx. 228 mm (page text also says 230 mm).
fujinon_premista_28_100,Fujinon,Premista,28,100,2.9,,1,0.8,46.3,255,3800,114,PL,LF,https://www.fujifilm.com/de/en/business/cine-and-broadcast/cinelens/premista,MOD from sensor plane; 46.3 mm max image circle; weight kg->g.
fujinon_premista_80_250,Fujinon,Premista,80,250,2.9,,1,1.5,46.3,255,3800,114,PL,LF,https://www.fujifilm.com/de/en/business/cine-and-broadcast/cinelens/premista,"MOD from sensor plane; 46.3 mm max image circle; weight kg->g. T2.9 at 80-200mm, T3.5 at 250mm."
fujinon_cabrio_14_35,Fujinon,Cabrio,14,35,2.9,,1,0.6,,231,2400,114,PL,S35,https://www.fujifilm.com/de/en/business/cine-and-broadcast/cinelens/zk,MOD from image plane. No image circle given (image size 27.45x15.44 mm). Weight without drive unit; front diameter = overall body diameter. ZK2.5x14; 2.9 kg with drive.
fujinon_cabrio_19_90,Fujinon,Cabrio,19,90,2.9,,1,0.85,,226,2300,114,PL,S35,https://www.fujifilm.com/de/en/business/cine-and-broadcast/cinelens/zk,MOD from image plane. No image circle given (image size 27.45x15.44 mm). Weight without drive unit; front diameter = overall body diameter. ZK4.7x19; 2.8 kg with drive.
fujinon_cabrio_85_300,Fujinon,Cabrio,85,300,2.9,,1,1.2,,249,2600,114,PL,S35,https://www.fujifilm.com/de/en/business/cine-and-broadcast/cinelens/zk,"MOD from image plane. No image circle given (image size 27.45x15.44 mm). Weight without drive unit; front diameter = overall body diameter. ZK3.5x85; T2.9 at 85-218mm, T4.0 at 300mm; 3.1 kg with drive."
fujinon_cabrio_25_300,Fujinon,Cabrio,25,300,3.5,,1,1.2,,401,8400,136,PL,S35,https://www.fujifilm.com/de/en/business/cine-and-broadcast/cinelens/zk,"MOD from image plane. No image circle given (image size 27.45x15.44 mm). Weight without drive unit; front diameter = overall body diameter. ZK12x25; T3.5 at 25-273mm, T3.85 at 300mm."
fujinon_cabrio_20_120,Fujinon,Cabrio,20,120,3.5,,1,1.1,,239,2400,114,PL,S35,https://www.fujifilm.com/de/en/business/cine-and-broadcast/cinelens/xk,XK6x20; constant T3.5; S35; weight without drive unit (2.9 kg with); front diameter = body diameter.
fujinon_mk_18_55,Fujinon,MK,18,55,2.9,,1,0.85,28.5,206.3,980,85,E-Mount,S35,https://www.fujifilm.com/de/en/business/cine-and-broadcast/cinelens/mk,"Image size 24.84x13.97 mm (phi 28.5 mm), S35/APS-C. MOD macro: 0.38 m. 82 mm filter."
fujinon_mk_50_135,Fujinon,MK,50,135,2.9,,1,1.2,28.5,206.3,980,85,E-Mount,S35,https://www.fujifilm.com/de/en/business/cine-and-broadcast/cinelens/mk,"Image size 24.84x13.97 mm (phi 28.5 mm), S35/APS-C. MOD macro: 0.85 m. 82 mm filter."
zeiss_lwz3_21_100,ZEISS,Lightweight Zoom LWZ.3,21,100,2.9,,1,0.8,31.1,226,2000,114,PL;EF;E-Mount;MFT;Nikon F,S35,https://www.zeiss.com/consumer-products/int/cinematography/lightweight-zoom-lwz-3.html,T2.9-3.9 ramp (ramp points not published). MOD from image plane; length front to PL flange.
zeiss_cz2_15_30,ZEISS,Compact Zoom CZ.2,15,30,2.9,,1,0.55,,198,2600,114,PL,FF,https://www.zeiss.com/photonics-and-optics/en/cinematography/lenses/cinema-zoom-lenses.html,"Listed by ZEISS as Cinema Zoom (CZ.2). Covers full frame 36x24; no image circle figure. MOD from image plane; length front to PL flange. Interchangeable mounts; only PL referenced on page. Page lists 198 mm (9.92in, inconsistent)."
zeiss_cz2_28_80,ZEISS,Compact Zoom CZ.2,28,80,2.9,,1,0.83,,196,2500,95,PL,FF,https://www.zeiss.com/photonics-and-optics/en/cinematography/lenses/cinema-zoom-lenses.html,Listed by ZEISS as Cinema Zoom (CZ.2). Covers full frame 36x24; no image circle figure. MOD from image plane; length front to PL flange. Interchangeable mounts; only PL referenced on page.
zeiss_cz2_70_200,ZEISS,Compact Zoom CZ.2,70,200,2.9,,1,1.52,,250,2800,95,PL,FF,https://www.zeiss.com/photonics-and-optics/en/cinematography/lenses/cinema-zoom-lenses.html,Listed by ZEISS as Cinema Zoom (CZ.2). Covers full frame 36x24; no image circle figure. MOD from image plane; length front to PL flange. Interchangeable mounts; only PL referenced on page.
zeiss_supreme_zoom_radiance_15_30,ZEISS,Supreme Zoom Radiance,15,30,2.9,,1,0.55,,198,2950,114,PL,FF,https://www.zeiss.com/photonics-and-optics/en/cinematography/lenses/supreme-zoom-radiance-lenses.html,FF and S35 angles of view given; no image circle. MOD from image plane; length front to PL flange (mount not otherwise named).
zeiss_supreme_zoom_radiance_28_80,ZEISS,Supreme Zoom Radiance,28,80,2.9,,1,0.83,,198,2760,114,PL,FF,https://www.zeiss.com/photonics-and-optics/en/cinematography/lenses/supreme-zoom-radiance-lenses.html,FF and S35 angles of view given; no image circle. MOD from image plane; length front to PL flange (mount not otherwise named).
zeiss_supreme_zoom_radiance_70_200,ZEISS,Supreme Zoom Radiance,70,200,2.9,,1,1.5,,232,3180,114,PL,FF,https://www.zeiss.com/photonics-and-optics/en/cinematography/lenses/supreme-zoom-radiance-lenses.html,FF and S35 angles of view given; no image circle. MOD from image plane; length front to PL flange (mount not otherwise named).
sigma_cine_hs_zoom_18_35,Sigma,Cine High Speed Zoom,18,35,2,,1,0.28,28.4,121.5,1400,95,PL;EF;E-Mount,S35,https://www.sigma-global.com/en/cine-lenses/high-speed-zoom/18_35_2/,Length/weight PL version (EF 129.5 mm/1.5 kg; E 155.5 mm/1.6 kg).
sigma_cine_hs_zoom_50_100,Sigma,Cine High Speed Zoom,50,100,2,,1,0.95,28.4,167.2,1900,95,PL;EF;E-Mount,S35,https://www.sigma-global.com/en/cine-lenses/high-speed-zoom/50_100_2/,Length/weight PL version (EF 175.2 mm/1.9 kg; E 201.2 mm/2.0 kg).
sigma_cine_ff_zoom_24_35,Sigma,Cine FF Zoom,24,35,2.2,,1,0.28,43.3,122.7,1500,95,EF;E-Mount,FF,https://www.sigma-global.com/en/cine-lenses/ff-zoom/24_35_22/,Length/weight EF version (E 148.7 mm/1.6 kg).
sigma_af_cine_28_45,Sigma,AF Cine,28,45,2,,1,0.3,,151.3,1200,95,L-Mount;E-Mount,FF,https://www.sigma-global.com/en/cine-lenses/af-cine/28_45_2/,FF autofocus cine zoom; image circle not listed. Length L-Mount (E 153.3 mm).
sigma_af_cine_28_105,Sigma,AF Cine,28,105,3,,1,0.4,,157.9,1300,95,L-Mount;E-Mount,FF,https://www.sigma-global.com/en/cine-lenses/af-cine/28_105_3/,FF autofocus cine zoom; image circle not listed. Length L-Mount (E 159.9 mm).
dzofilm_pictor_zoom_12_25,DZOFilm,Pictor Zoom,12,25,2.8,,1,,31.5,150,1600,95,PL;EF,S35,https://dzofilm.com/products/pictor-zoom,"Close focus omitted: maker table lists 0.4/0.6/0.8 m for four lenses, mapping ambiguous. Length PL version; weight approx. EF 159 mm."
dzofilm_pictor_zoom_14_30,DZOFilm,Pictor Zoom,14,30,2.8,,1,,31.5,173,1880,95,PL;EF,S35,https://dzofilm.com/products/pictor-zoom,"Close focus omitted: maker table lists 0.4/0.6/0.8 m for four lenses, mapping ambiguous. Length PL version; weight approx. EF 181 mm."
dzofilm_pictor_zoom_20_55,DZOFilm,Pictor Zoom,20,55,2.8,,1,,31.5,164,1520,95,PL;EF,S35,https://dzofilm.com/products/pictor-zoom,"Close focus omitted: maker table lists 0.4/0.6/0.8 m for four lenses, mapping ambiguous. Length PL version; weight approx. EF 171.9 mm."
dzofilm_pictor_zoom_50_125,DZOFilm,Pictor Zoom,50,125,2.8,,1,,31.5,175,1700,95,PL;EF,S35,https://dzofilm.com/products/pictor-zoom,"Close focus omitted: maker table lists 0.4/0.6/0.8 m for four lenses, mapping ambiguous. Length PL version; weight approx. EF 182.9 mm."
dzofilm_catta_zoom_18_35,DZOFilm,Catta Zoom,18,35,2.9,,1,0.51,43.5,212.4,1680,80,E-Mount;RF;L-Mount;X-Mount;Nikon Z,FF,https://dzofilm.com/products/catta-zoom,"MOD from sensor plane. Page gives one series length row: 212.4 mm RF/L, 214.4 E, 214.7 X, 215.4 Z."
dzofilm_catta_zoom_35_80,DZOFilm,Catta Zoom,35,80,2.9,,1,0.74,43.5,212.4,1532,80,E-Mount;RF;L-Mount;X-Mount;Nikon Z,FF,https://dzofilm.com/products/catta-zoom,"MOD from sensor plane. Page gives one series length row: 212.4 mm RF/L, 214.4 E, 214.7 X, 215.4 Z."
dzofilm_catta_zoom_70_135,DZOFilm,Catta Zoom,70,135,2.9,,1,0.76,43.5,212.4,1597,80,E-Mount;RF;L-Mount;X-Mount;Nikon Z,FF,https://dzofilm.com/products/catta-zoom,"MOD from sensor plane. Page gives one series length row: 212.4 mm RF/L, 214.4 E, 214.7 X, 215.4 Z."
dzofilm_catta_ace_18_35,DZOFilm,Catta Ace,18,35,2.9,,1,0.51,43.5,,1850,80,PL;EF;LPL,FF,https://dzofilm.com/products/cattaace,MOD from sensor plane. Length not mapped per model on maker page (179.5 PL / 187.5 EF-LPL listed once).
dzofilm_catta_ace_35_80,DZOFilm,Catta Ace,35,80,2.9,,1,0.74,46.5,,1635,80,PL;EF;LPL,LF,https://dzofilm.com/products/cattaace,MOD from sensor plane. Length not mapped per model on maker page (179.5 PL / 187.5 EF-LPL listed once). Covers VV 46.5 mm.
dzofilm_catta_ace_70_135,DZOFilm,Catta Ace,70,135,2.9,,1,0.76,46.5,,1710,80,PL;EF;LPL,LF,https://dzofilm.com/products/cattaace,MOD from sensor plane. Length not mapped per model on maker page (179.5 PL / 187.5 EF-LPL listed once). Covers VV 46.5 mm.
dzofilm_tango_zoom_18_90,DZOFilm,Tango Zoom,18,90,2.9,,1,0.7,31.5,249.1,3539,114,PL;EF,S35,https://dzofilm.com/products/tango-zoom,MOD from sensor plane. Length PL (EF 256.4 mm).
dzofilm_tango_zoom_65_280,DZOFilm,Tango Zoom,65,280,2.9,,1,1.1,31.5,267.1,3962,114,PL;EF,S35,https://dzofilm.com/products/tango-zoom,T2.9 ramping to T4 at long end (ramp point not stated). Length PL (EF 274.4 mm).
dzofilm_linglung_10_24,DZOFilm,Ling Lung,10,24,2.9,,1,0.61,21.6,148.9,1100,80,MFT,MFT,https://dzofilm.com/products/linglung,M4/3 cine zoom.
dzofilm_linglung_20_70,DZOFilm,Ling Lung,20,70,2.9,,1,0.79,21.6,153.3,1100,80,MFT,MFT,https://dzofilm.com/products/linglung,M4/3 cine zoom.
canon_cne_compact_servo_18_80,Canon,CN-E Compact-Servo,18,80,4.4,,1,0.5,,182.3,1200,,EF,S35,https://www.canon-europe.com/for_home/product_finder/digital_cinema/cine_lenses/cn-e18-80mm_t4.4_l_is_kas_s/specifications/,CN-E18-80mm T4.4 L IS KAS S; MOD from image plane; weight incl. servo; constant T4.4.
canon_cne_compact_servo_70_200,Canon,CN-E Compact-Servo,70,200,4.4,,1,1.2,,182.3,1250,,EF,S35,https://www.canon-europe.com/pro/cinema-lenses/cn-e70-200mm_t4.4_l_is/specifications/,CN-E70-200mm T4.4 L IS; MOD from image plane; weight incl. servo; 2x extender built in (140-400mm).
canon_cne_flex_zoom_20_50,Canon,CN-E Flex Zoom,20,50,2.4,,1,0.6,,233.3,3300,114,PL;EF,FF,https://id.canon/en/consumer/cn-e20-50mm-t2-4-l-f-ef-pl/specification,"CN-E20-50mm T2.4 L F/FP; length PL (EF 241.3 mm). Full-frame IC, no diameter given."
canon_cne_flex_zoom_45_135,Canon,CN-E Flex Zoom,45,135,2.4,,1,1.0,,238.4,3400,114,PL;EF,FF,https://in.canon/en/business/cn-e45-135mm-t2-4-l-f-ef-pl/specification,"CN-E45-135mm T2.4 L F/FP; length PL (EF 246.4 mm, mapping by order on page)."
canon_cne_flex_zoom_14_35,Canon,CN-E Flex Zoom,14,35,1.7,,1,0.6,,233.3,3400,114,PL;EF,S35,https://asia.canon/en/business/cn-e14-35mm-t1-7-l-s-sp-ef-pl/specification,CN-E14-35mm T1.7 L S/SP (S35 version of 20-50 Flex Zoom); length PL (EF 241.3 mm).
canon_cne_flex_zoom_31_5_95,Canon,CN-E Flex Zoom,31.5,95,1.7,,1,1.0,,238.4,3500,114,PL;EF,S35,https://asia.canon/en/business/cn-e31-5-95mm-t1-7-l-s-sp-ef-pl/specification,CN-E31.5-95mm T1.7 L S/SP (S35 version of 45-135 Flex Zoom); length PL (EF 246.4 mm).
canon_cne_compact_zoom_30_105,Canon,CN-E Compact Zoom,30,105,2.8,,1,,,,,,EF;PL,S35,https://www.canon-europe.com/for_home/product_finder/digital_cinema/cine_lenses/cn-e30-105mm_t2.8_l_s-sp/,CN-E30-105mm T2.8 L S (EF)/SP (PL). Discontinued; maker page gives no MOD/size/weight.
canon_cne_top_end_zoom_14_5_60,Canon,CN-E Top End Zoom,14.5,60,2.6,,1,,,,,,EF;PL,S35,https://www.canon-europe.com/for_home/product_finder/digital_cinema/cine_lenses/cn-e14.5-60mm_t2.6_l_s/,CN-E14.5-60mm T2.6 L S (EF)/SP (PL). Discontinued; maker page gives no MOD/size/weight.
canon_cne_top_end_zoom_30_300,Canon,CN-E Top End Zoom,30,300,2.95,,1,,,,,,EF;PL,S35,https://www.canon-europe.com/for_home/product_finder/digital_cinema/cine_lenses/cn-e30-300mm_t2.95-3.7_l_s/,CN-E30-300mm T2.95-3.7 L S/SP; ramps to T3.7 at long end (ramp point not published). Discontinued; maker page gives no MOD/size/weight.
canon_cine_servo_cn7x17_17_120,Canon,Cine-Servo CN7x17 KAS T,17,120,2.95,,1,0.85,,254.9,3040,114,PL;RF,S35,https://canon.jp/biz/product/camera/pro-imaging/cinema-eos/lineup/ces-lens/cn7-17rf/spec,"T2.95 at 17-91mm, T3.9 at 120mm. Length/weight P1 PL (R1 RF 286.9 mm/3.11 kg). S35/APS-C only."
canon_cine_servo_cn5x11_11_55,Canon,Cine-Servo CN5x11 IAS T,11,55,2.95,,1,0.6,29.6,269,2920,114,PL;RF,S35,https://canon.jp/biz/product/camera/pro-imaging/cinema-eos/lineup/ces-lens/cn5-11rf/spec,"S35 config (extender off): T2.95 at 11-41mm, T3.95 at 55mm. Image size 29.6 mm. Length/weight P1 PL (RF 301 mm/3.01 kg)."
canon_cine_servo_cn5x11_11_55_ext,Canon,Cine-Servo CN5x11 IAS T,16.5,82.5,4.4,,1,0.6,43.3,269,2920,114,PL;RF,FF,https://canon.jp/biz/product/camera/pro-imaging/cinema-eos/lineup/ces-lens/cn5-11rf/spec,"FF config with built-in 1.5x extender: T4.4 at 16.5-61.5mm, T5.9 at 82.5mm. Image size 43.3 mm."
canon_cine_servo_cn30x40_40_1200,Canon,Cine-Servo CN30x40 IAS J,40,1200,5.0,,1,3.5,29.6,405.2,6600,136,PL;RF,S35,https://canon.jp/biz/product/camera/pro-imaging/cinema-eos/lineup/ces-lens/cn30-40rf/spec,"S35 config: T5.0 at 40-560mm, T10.8 at 1200mm. Image sizes 29.6/43.3 listed without mapping; 29.6 assumed for S35 (FF AoV only given with extender). PL length/weight (RF 437.2 mm/6.7 kg)."
canon_cine_servo_cn30x40_40_1200_ext,Canon,Cine-Servo CN30x40 IAS J,60,1800,7.5,,1,3.5,43.3,405.2,6600,136,PL;RF,FF,https://canon.jp/biz/product/camera/pro-imaging/cinema-eos/lineup/ces-lens/cn30-40rf/spec,"FF config with built-in 1.5x extender: T7.5 at 60-840mm, T16.2 at 1800mm."
laowa_ranger_ff_16_30,Laowa,Ranger FF,16,30,2.9,,1,,43.2,,,,PL;EF;RF;E-Mount;Nikon Z;L-Mount,FF,https://laowacine.com/product/laowa-ranger-compact-cine-zoom-series/,"Series image circle 43.2 mm; native PL with EF bayonet included; RF/E/Z/L bayonets optional. MOD, length, weight, front diameter only in spec image (not readable)."
laowa_ranger_ff_28_75,Laowa,Ranger FF,28,75,2.9,,1,,43.2,,,,PL;EF;RF;E-Mount;Nikon Z;L-Mount,FF,https://laowacine.com/product/laowa-ranger-compact-cine-zoom-series/,"Series image circle 43.2 mm; native PL with EF bayonet included; RF/E/Z/L bayonets optional. MOD, length, weight, front diameter only in spec image (not readable)."
laowa_ranger_ff_75_180,Laowa,Ranger FF,75,180,2.9,,1,,43.2,,,,PL;EF;RF;E-Mount;Nikon Z;L-Mount,FF,https://laowacine.com/product/laowa-ranger-compact-cine-zoom-series/,"Series image circle 43.2 mm; native PL with EF bayonet included; RF/E/Z/L bayonets optional. MOD, length, weight, front diameter only in spec image (not readable)."
laowa_ranger_s35_11_18,Laowa,Ranger S35,11,18,2.9,,1,0.36,31.5,108,745,80,PL;EF;RF;E-Mount;Nikon Z;X-Mount;L-Mount,S35,https://laowacine.com/product/laowa-ranger-s35-compact-cine-zoom-series/,Native PL; optional EF/RF/E/Z/X/L. Weight Standard version (Lite lighter). MOD cm->m.
laowa_ranger_s35_17_50,Laowa,Ranger S35,17,50,2.9,,1,0.35,31.5,117,865,80,PL;EF;RF;E-Mount;Nikon Z;X-Mount;L-Mount,S35,https://laowacine.com/product/laowa-ranger-s35-compact-cine-zoom-series/,Native PL; optional EF/RF/E/Z/X/L. Weight Standard version (Lite lighter). MOD cm->m.
laowa_ranger_s35_50_130,Laowa,Ranger S35,50,130,2.9,,1,0.75,31.5,135.9,760,80,PL;EF;RF;E-Mount;Nikon Z;X-Mount;L-Mount,S35,https://laowacine.com/product/laowa-ranger-s35-compact-cine-zoom-series/,Native PL; optional EF/RF/E/Z/X/L. Weight Standard version (Lite lighter). MOD cm->m.
sigma_art_18_35_f18,Sigma,Art DC HSM,18,35,,1.8,1,0.28,,121,810,,EF;Nikon F,APS-C,https://www.sigma-global.com/en/lenses/a013_18_35_18/,filter 72 mm; max dia 78 mm; dims/weight for SIGMA SA-mount version (EF/F not published); length filter-to-mount; discontinued
sigma_art_50_100_f18,Sigma,Art DC HSM,50,100,,1.8,1,0.95,,170.7,1490,,EF;Nikon F,APS-C,https://www.sigma-global.com/en/lenses/a016_50_100_18/,filter 82 mm; max dia 93.5 mm; dims/weight for SIGMA SA-mount version (EF/F not published); length filter-to-mount; discontinued
sigma_art_24_70_f28_os,Sigma,Art DG OS HSM,24,70,,2.8,1,0.37,,107.6,1020,,EF;Nikon F,FF,https://www.sigma-global.com/en/lenses/a017_24_70_28/,filter 82 mm; max dia 88 mm; dims/weight for SIGMA SA-mount version (EF/F not published); length filter-to-mount; discontinued
sigma_art_14_24_f28,Sigma,Art DG HSM,14,24,,2.8,1,0.26,,135.1,1150,,EF;Nikon F,FF,https://www.sigma-global.com/en/lenses/a018_14_24_28/,no front filter thread; max dia 96.4 mm; dims/weight for SIGMA SA-mount version (EF/F not published); length filter-to-mount; discontinued
sigma_art_24_105_f4,Sigma,Art DG OS HSM,24,105,,4,1,0.45,,109.4,885,,EF;Nikon F,FF,https://www.sigma-global.com/en/lenses/a013_24_105_4/,filter 82 mm; max dia 88.6 mm; dims/weight for SIGMA SA-mount version (EF/F not published); length filter-to-mount; discontinued
sigma_art_20_f14,Sigma,Art DG HSM,20,,,1.4,1,0.276,,129.8,950,,EF;Nikon F;L-Mount;E-Mount,FF,https://www.sigma-global.com/en/lenses/a015_20_14/,"no front filter thread; max dia 90.7 mm; L 153.75mm/1035g, E 155.8mm/1015g; dims/weight for SIGMA SA-mount version (EF/F not published); length filter-to-mount; discontinued"
sigma_art_24_f14,Sigma,Art DG HSM,24,,,1.4,1,0.25,,90.2,665,,EF;Nikon F;L-Mount;E-Mount,FF,https://www.sigma-global.com/en/lenses/a015_24_14/,"filter 77 mm; max dia 85 mm; L 114.2mm/755g, E 116.2mm/740g; dims/weight for SIGMA SA-mount version (EF/F not published); length filter-to-mount; discontinued"
sigma_art_28_f14,Sigma,Art DG HSM,28,,,1.4,1,0.28,,107.7,865,,EF;Nikon F;L-Mount;E-Mount,FF,https://www.sigma-global.com/en/lenses/a019_28_14/,"filter 77 mm; max dia 82.8 mm; L 131.7mm/960g, E 133.7mm/925g; dims/weight for SIGMA SA-mount version (EF/F not published); length filter-to-mount; discontinued"
sigma_art_35_f14,Sigma,Art DG HSM,35,,,1.4,1,0.3,,94.0,665,,EF;Nikon F;L-Mount;E-Mount,FF,https://www.sigma-global.com/en/lenses/a012_35_14/,filter 67 mm; max dia 77 mm; L 118mm/755g; dims/weight for SIGMA SA-mount version (EF/F not published); length filter-to-mount; discontinued
sigma_art_40_f14,Sigma,Art DG HSM,40,,,1.4,1,0.4,,131,1200,,EF;Nikon F;L-Mount;E-Mount,FF,https://www.sigma-global.com/en/lenses/a018_40_14/,"filter 82 mm; max dia 87.8 mm; L 155mm/1295g, E 157mm/1260g; dims/weight for SIGMA SA-mount version (EF/F not published); length filter-to-mount; discontinued"
sigma_art_50_f14,Sigma,Art DG HSM,50,,,1.4,1,0.4,,99.9,815,,EF;Nikon F;L-Mount;E-Mount,FF,https://www.sigma-global.com/en/lenses/a014_50_14/,"filter 77 mm; max dia 85.4 mm; L 123.9mm/905g, E 125.9mm/880g; dims/weight for SIGMA SA-mount version (EF/F not published); length filter-to-mount; discontinued"
sigma_art_85_f14,Sigma,Art DG HSM,85,,,1.4,1,0.85,,126.2,1130,,EF;Nikon F;L-Mount;E-Mount,FF,https://www.sigma-global.com/en/lenses/a016_85_14/,"filter 86 mm; max dia 94.7 mm; L 150.2mm/1215g, E 152.2mm/1210g; dims/weight for SIGMA SA-mount version (EF/F not published); length filter-to-mount; discontinued"
sigma_art_105_f14,Sigma,Art DG HSM,105,,,1.4,1,1.0,,131.5,1645,,EF;Nikon F;L-Mount;E-Mount,FF,https://www.sigma-global.com/en/lenses/a018_105_14/,"filter 105 mm; max dia 115.9 mm; L 155.5mm/1745g, E 157.5mm/1720g; dims/weight for SIGMA SA-mount version (EF/F not published); length filter-to-mount; discontinued"
sigma_art_135_f18,Sigma,Art DG HSM,135,,,1.8,1,0.875,,114.9,1130,,EF;Nikon F;L-Mount;E-Mount,FF,https://www.sigma-global.com/en/lenses/a017_135_18/,"filter 82 mm; max dia 91.4 mm; L 138.9mm/1220g, E 140.9mm/1200g; dims/weight for SIGMA SA-mount version (EF/F not published); length filter-to-mount; discontinued"
sigma_art_24_70_f28_dgdn,Sigma,Art DG DN,24,70,,2.8,1,0.18,,122.9,835,,L-Mount;E-Mount,FF,https://www.sigma-global.com/en/lenses/a019_24_70_28/,close focus 0.18-0.38 m; filter 82 mm; max dia 87.8 mm; L-Mount dims (E 124.9mm/830g); discontinued
sigma_art_24_70_f28_dgdn_ii,Sigma,Art DG DN II,24,70,,2.8,1,0.17,,120.2,745,,L-Mount;E-Mount,FF,https://www.sigma-global.com/en/lenses/a024_24_70_28_ii/,close focus 0.17-0.34 m; filter 82 mm; max dia 87.8 mm; L-Mount dims only; specs read from Sigma launch news page https://www.sigma-global.com/en/news/2024/05/16/010385/
sigma_c_28_70_f28_dgdn,Sigma,Contemporary DG DN,28,70,,2.8,1,0.19,,101.5,470,,L-Mount;E-Mount,FF,https://www.sigma-global.com/en/lenses/c021_28_70_28/,close focus 0.19-0.38 m; filter 67 mm; max dia 72.2 mm; L-Mount dims (E 103.5mm)
sigma_c_16_28_f28_dgdn,Sigma,Contemporary DG DN,16,28,,2.8,1,0.25,,100.6,450,,L-Mount;E-Mount,FF,https://www.sigma-global.com/en/lenses/c022_16_28_28/,filter 72 mm; max dia 77.2 mm; L-Mount dims (E 102.6mm)
sigma_art_35_f14_dgdn,Sigma,Art DG DN,35,,,1.4,1,0.3,,109.5,645,,L-Mount;E-Mount,FF,https://www.sigma-global.com/en/lenses/a021_35_14/,filter 67 mm; max dia 75.5 mm; L-Mount dims (E 111.5mm/640g)
sigma_art_50_f14_dgdn,Sigma,Art DG DN,50,,,1.4,1,0.45,,109.5,670,,L-Mount;E-Mount,FF,https://www.sigma-global.com/en/lenses/a023_50_14/,filter 72 mm; max dia 78.2 mm; L-Mount dims (E 111.5mm/660g)
sigma_c_18_50_f28_dcdn,Sigma,Contemporary DC DN,18,50,,2.8,1,0.121,,74.5,290,,L-Mount;RF;X-Mount;E-Mount,APS-C,https://www.sigma-global.com/en/lenses/c021_18_50_28/,"close focus 0.121-0.30 m; filter 55 mm; L-Mount dims (RF 300g, X 285g, E 290g)"
canon_ef_16_35_f28l_iii,Canon,EF L,16,35,,2.8,1,0.28,,127.5,790,,EF,FF,https://www.canon.co.uk/lenses/ef-16-35mm-f-2-8l-iii-usm-lens/specifications/,EF 16-35mm f/2.8L III USM; filter 82 mm; max dia 88.5 mm
canon_ef_16_35_f4l_is,Canon,EF L,16,35,,4,1,0.28,,112.8,615,,EF,FF,https://www.canon-europe.com/lenses/ef-16-35mm-f-4l-is-usm-lens/specification.html,EF 16-35mm f/4L IS USM; filter 77 mm; max dia 82.6 mm
canon_ef_17_40_f4l,Canon,EF L,17,40,,4,1,0.28,,96.8,500,,EF,FF,https://canon-europe.com/lenses/ef-17-40mm-f-4l-usm-lens/specification.html,EF 17-40mm f/4L USM; filter 77 mm; max dia 83.5 mm
canon_ef_24_70_f28l_ii,Canon,EF L,24,70,,2.8,1,0.38,,113.0,805,,EF,FF,https://asia.canon/en/consumer/ef24-70mm-f28l-ii-usm/specification,EF 24-70mm f/2.8L II USM; filter 82 mm; max dia 88.5 mm; Canon Asia page
canon_ef_24_105_f4l_is_ii,Canon,EF L,24,105,,4,1,0.45,,118,795,,EF,FF,https://www.canon.co.uk/lenses/ef-24-105mm-f-4l-is-ii-usm-lens/specifications/,EF 24-105mm f/4L IS II USM; filter 77 mm; max dia 83.5 mm; length retracted
canon_ef_70_200_f28l_is_iii,Canon,EF L,70,200,,2.8,1,1.2,,199,1480,,EF,FF,https://www.canon.co.uk/lenses/ef-70-200mm-f-2-8-l-is-iii-usm-lens/specifications/,EF 70-200mm f/2.8L IS III USM; filter 77 mm; max dia 88.8 mm
canon_ef_35_f14l_ii,Canon,EF L,35,,,1.4,1,0.28,,105.5,760,,EF,FF,https://www.canon-europe.com/lenses/ef-35mm-f-1-4l-ii-usm-lens/specification.html,EF 35mm f/1.4L II USM; filter 72 mm; max dia 80.4 mm
canon_ef_50_f12l,Canon,EF L,50,,,1.2,1,0.45,,65.5,580,,EF,FF,https://www.canon-europe.com/lenses/ef-50mm-f-1-2l-usm-lens/specification.html,EF 50mm f/1.2L USM; filter 72 mm; max dia 85.8 mm
canon_ef_85_f14l_is,Canon,EF L,85,,,1.4,1,0.85,,105.4,950,,EF,FF,https://www.canon.co.uk/lenses/ef-85mm-f-1-4-l-is-usm-lens/specifications/,EF 85mm f/1.4L IS USM; filter 77 mm; max dia 88.6 mm
canon_ef_100_f28l_macro_is,Canon,EF L Macro,100,,,2.8,1,0.3,,123,625,,EF,FF,https://www.canon-europe.com/lenses/ef-100mm-f-2-8l-macro-is-usm-lens/specification.html,EF 100mm f/2.8L Macro IS USM; 1:1 macro; filter 67 mm; max dia 77.7 mm
canon_efs_17_55_f28_is,Canon,EF-S,17,55,,2.8,1,0.35,,110.6,645,,EF,APS-C,https://www.canon.co.uk/lenses/ef-s-17-55mm-f-2-8-is-usm-lens/specifications/,EF-S 17-55mm f/2.8 IS USM; EF-S mount (APS-C only); filter 77 mm; max dia 83.5 mm
panasonic_leica_10_25_f17,Panasonic,Leica DG Vario-Summilux,10,25,,1.7,1,0.28,,128,690,,MFT,MFT,https://panasonic.com/in/consumer/cameras-camcorders/lenses/h-x1025.specs.html,H-X1025; constant f/1.7; filter 77 mm; max dia 87.6 mm
panasonic_leica_25_50_f17,Panasonic,Leica DG Vario-Summilux,25,50,,1.7,1,0.28,,127.6,654,,MFT,MFT,https://www.panasonic.com/uk/consumer/cameras-camcorders/lumix-camera-lenses/lumix-g-lenses/h-x2550.html,H-X2550; constant f/1.7; close focus 0.28 (W)-0.31 (T) m; filter not shown on page; 87.6 mm W/H
panasonic_leica_12_60_f28_4,Panasonic,Leica DG Vario-Elmarit,12,60,,2.8,1,0.2,,86,320,,MFT,MFT,https://panasonic.com/in/consumer/cameras-camcorders/lenses/h-es12060.specs.html,H-ES12060; f/2.8-4; close focus 0.20 (W)-0.24 (T) m; filter 62 mm; max dia 68.4 mm
panasonic_lumix_12_35_f28_ii,Panasonic,Lumix G X Vario II,12,35,,2.8,1,0.25,,73.8,305,,MFT,MFT,https://panasonic.com/in/consumer/cameras-camcorders/lenses/h-hsa12035.specs.html,H-HSA12035; filter 58 mm; max dia 67.6 mm
panasonic_lumix_35_100_f28_ii,Panasonic,Lumix G X Vario II,35,100,,2.8,1,0.85,,99.9,357,,MFT,MFT,https://panasonic.com/in/consumer/cameras-camcorders/lenses/h-hsa35100.specs.html,H-HSA35100; filter 58 mm; max dia 67.4 mm
panasonic_leica_12_f14,Panasonic,Leica DG Summilux,12,,,1.4,1,0.2,,70,335,,MFT,MFT,https://panasonic.com/in/consumer/cameras-camcorders/lenses/h-x012.specs.html,H-X012; filter 62 mm; max dia 70 mm
panasonic_leica_15_f17,Panasonic,Leica DG Summilux,15,,,1.7,1,0.2,,36,115,,MFT,MFT,https://panasonic.com/in/consumer/cameras-camcorders/lenses/h-x015.specs.html,H-X015; filter 46 mm; max dia 57.5 mm
panasonic_leica_25_f14,Panasonic,Leica DG Summilux,25,,,1.4,1,0.3,,54.5,200,,MFT,MFT,https://panasonic.com/in/consumer/cameras-camcorders/lenses/h-x025.specs.html,H-X025 (mk I); filter 46 mm; max dia 63 mm; mk II H-XA025 is 205 g
omsystem_12_40_f28_pro_ii,OM System,M.Zuiko PRO,12,40,,2.8,1,0.2,,84,382,,MFT,MFT,https://explore.omsystem.com/gb/en/m-zuiko-ed-12-40mm-f2-8-pro-ii,M.Zuiko Digital ED 12-40mm F2.8 PRO II; filter 62 mm; max dia 69.9 mm; Olympus mk I page lists same figures
olympus_12_100_f4_pro,Olympus,M.Zuiko PRO,12,100,,4,1,0.15,,116.5,561,,MFT,MFT,https://explore.omsystem.com/ie/en/m-zuiko-ed-12-100mm-f4-0-is-pro,M.Zuiko Digital ED 12-100mm F4.0 IS PRO; filter 72 mm; max dia 77.5 mm
olympus_7_14_f28_pro,Olympus,M.Zuiko PRO,7,14,,2.8,1,0.2,,105.8,534,,MFT,MFT,https://explore.omsystem.com/gb/en/m-zuiko-ed-7-14mm-f2-8-pro,no front filter thread (bulb element); max dia 78.9 mm; page also cites 7.5 cm working distance
olympus_8_25_f4_pro,Olympus,M.Zuiko PRO,8,25,,4,1,0.23,,88.5,411,,MFT,MFT,https://explore.omsystem.com/gb/en/m-zuiko-ed-8-25mm-f4-pro,filter 72 mm; max dia 77 mm
olympus_17_f12_pro,Olympus,M.Zuiko PRO,17,,,1.2,1,0.2,,87,390,,MFT,MFT,https://explore.omsystem.com/gb/en/m-zuiko-ed-17mm-f1-2-pro,filter 62 mm; max dia 68.2 mm
olympus_25_f12_pro,Olympus,M.Zuiko PRO,25,,,1.2,1,0.3,,87,410,,MFT,MFT,https://explore.omsystem.com/gb/en/m-zuiko-ed-25mm-f1-2-pro,filter 62 mm; max dia 70 mm
olympus_45_f12_pro,Olympus,M.Zuiko PRO,45,,,1.2,1,0.5,,84.9,410,,MFT,MFT,https://explore.omsystem.com/gb/en/m-zuiko-ed-45mm-f1-2-pro,filter 62 mm; max dia 70 mm
sony_gm_24_70_f28_ii,Sony,G Master II,24,70,,2.8,1,0.21,,119.9,695,,E-Mount,FF,https://www.sony.co.th/en/lenses/products/sel2470gm2/spec,SEL2470GM2; close focus 0.21 (W)-0.30 (T) m; filter 82 mm; max dia 87.8 mm
sony_gm_16_35_f28_ii,Sony,G Master II,16,35,,2.8,1,0.22,,111.5,547,,E-Mount,FF,https://www.sony.co.th/en/lenses/products/sel1635gm2/spec,SEL1635GM2; filter 82 mm; max dia 87.8 mm
sony_gm_70_200_f28_ii,Sony,G Master II,70,200,,2.8,1,0.4,,200,1045,,E-Mount,FF,https://www.sony.co.th/en/lenses/products/sel70200gm2/spec,SEL70200GM2; close focus 0.40-0.82 m; filter 77 mm; max dia 88 mm; weight w/o tripod foot
sony_gm_24_f14,Sony,G Master,24,,,1.4,1,0.24,,92.4,445,,E-Mount,FF,https://www.sony.co.th/en/electronics/camera-lenses/sel24f14gm/specifications,SEL24F14GM; filter 67 mm; max dia 75.4 mm
sony_gm_35_f14,Sony,G Master,35,,,1.4,1,0.25,,96,524,,E-Mount,FF,https://www.sony.co.th/en/lenses/products/sel35f14gm/spec,SEL35F14GM; close focus 0.25 m MF / 0.27 m AF; filter 67 mm; max dia 76 mm
sony_gm_50_f12,Sony,G Master,50,,,1.2,1,0.4,,108,778,,E-Mount,FF,https://www.sony.co.th/en/lenses/products/sel50f12gm/spec,SEL50F12GM; filter 72 mm; max dia 87 mm
sony_gm_50_f14,Sony,G Master,50,,,1.4,1,0.38,,96,516,,E-Mount,FF,https://www.sony.co.th/en/lenses/products/sel50f14gm/spec,SEL50F14GM; close focus 0.38 m MF / 0.41 m AF; filter 67 mm; max dia 80.6 mm
sony_gm_85_f14,Sony,G Master,85,,,1.4,1,0.8,,107.5,820,,E-Mount,FF,https://sony.co.th/en/electronics/camera-lenses/sel85f14gm/specifications,SEL85F14GM (mk I); close focus 0.80 m MF / 0.85 m AF; filter 77 mm; max dia 89.5 mm
