id,manufacturer,series,focal_mm,t_stop,squeeze,close_focus_m,image_circle_mm,length_mm,weight_g,front_diameter_mm,mounts,format,source_url,notes
ancient_optics_statera_35,Ancient Optics,Statera,35,,1.5,,,,,,LPL,FF,https://www.oldfastglass.com/statera,Source is co-developer Old Fast Glass page (ancientoptics.com unreachable); few specs published. PL on request. Maker describes coverage as FF+.
ancient_optics_statera_40,Ancient Optics,Statera,40,,1.5,,,,,,LPL,FF,https://www.oldfastglass.com/statera,Source is co-developer Old Fast Glass page (ancientoptics.com unreachable); few specs published. PL on request. Maker describes coverage as FF+.
ancient_optics_statera_50,Ancient Optics,Statera,50,2.1,1.5,,,,,,LPL;PL,FF,https://www.oldfastglass.com/statera,Source is co-developer Old Fast Glass page (ancientoptics.com unreachable); few specs published. PL on request. Maker describes coverage as FF+.
ancient_optics_statera_75,Ancient Optics,Statera,75,,1.5,,,,,,LPL;PL,FF,https://www.oldfastglass.com/statera,Source is co-developer Old Fast Glass page (ancientoptics.com unreachable); few specs published. PL on request. Maker describes coverage as FF+.
ancient_optics_statera_95,Ancient Optics,Statera,95,,1.5,,,,,,LPL;PL,FF,https://www.oldfastglass.com/statera,Source is co-developer Old Fast Glass page (ancientoptics.com unreachable); few specs published. PL on request. Maker describes coverage as FF+.
ancient_optics_statera_135,Ancient Optics,Statera,135,2.9,1.5,,,,,,LPL;PL,FF,https://www.oldfastglass.com/statera,Source is co-developer Old Fast Glass page (ancientoptics.com unreachable); few specs published. PL on request. Maker describes coverage as FF+.
arri_rental_alfa_32,ARRI Rental,ALFA,32,2.5,2,0.686,,,2500,114,LPL,LF,https://www.arrirental.com/en/lenses/exclusive-lenses/alfa,ARRI Rental product page; rental-exclusive; close focus converted cm->m; 2x squeeze per page text; image circle/length not published
arri_rental_alfa_40,ARRI Rental,ALFA,40,2.5,2,0.762,,,2500,114,LPL,LF,https://www.arrirental.com/en/lenses/exclusive-lenses/alfa,ARRI Rental product page; rental-exclusive; close focus converted cm->m; 2x squeeze per page text; image circle/length not published
arri_rental_alfa_47,ARRI Rental,ALFA,47,2.5,2,0.737,,,2600,114,LPL,LF,https://www.arrirental.com/en/lenses/exclusive-lenses/alfa,ARRI Rental product page; rental-exclusive; close focus converted cm->m; 2x squeeze per page text; image circle/length not published
arri_rental_alfa_60,ARRI Rental,ALFA,60,2.5,2,0.762,,,2700,114,LPL,LF,https://www.arrirental.com/en/lenses/exclusive-lenses/alfa,ARRI Rental product page; rental-exclusive; close focus converted cm->m; 2x squeeze per page text; image circle/length not published
arri_rental_alfa_72,ARRI Rental,ALFA,72,,2,,,,,,LPL,LF,https://www.arrirental.com/en/lenses/exclusive-lenses/alfa,focal length listed on ARRI Rental page but per-lens table rows not retrievable (behind 'show more'); press release says T2.5 for most focal lengths
arri_rental_alfa_90,ARRI Rental,ALFA,90,,2,,,,,,LPL,LF,https://www.arrirental.com/en/lenses/exclusive-lenses/alfa,focal length listed on ARRI Rental page but per-lens table rows not retrievable (behind 'show more'); press release says T2.5 for most focal lengths
arri_rental_alfa_108,ARRI Rental,ALFA,108,,2,,,,,,LPL,LF,https://www.arrirental.com/en/lenses/exclusive-lenses/alfa,focal length listed on ARRI Rental page but per-lens table rows not retrievable (behind 'show more'); press release says T2.5 for most focal lengths
arri_rental_alfa_145,ARRI Rental,ALFA,145,,2,,,,,,LPL,LF,https://www.arrirental.com/en/lenses/exclusive-lenses/alfa,focal length listed on ARRI Rental page but per-lens table rows not retrievable (behind 'show more'); press release says T2.5 for most focal lengths
arri_rental_alfa_190,ARRI Rental,ALFA,190,,2,,,,,,LPL,LF,https://www.arrirental.com/en/lenses/exclusive-lenses/alfa,focal length listed on ARRI Rental page but per-lens table rows not retrievable (behind 'show more'); press release says T2.5 for most focal lengths
arri_zeiss_master_anamorphic_28,ARRI/ZEISS,Master Anamorphic,28,1.9,2,0.65,29.26,183,2500,114,PL,S35,https://www.arri.com/resource/blob/178216/d6fa949dec02494bd9f7e3ee46069aa8/master-anamorhic-data-sheets-data.pdf,ARRI data sheet; image diameter 29.26 mm; length = mount flange to front of housing; mount listed as PL-LDS
arri_zeiss_master_anamorphic_35,ARRI/ZEISS,Master Anamorphic,35,1.9,2,0.75,29.26,183,2600,95,PL,S35,https://www.arri.com/resource/blob/178216/d6fa949dec02494bd9f7e3ee46069aa8/master-anamorhic-data-sheets-data.pdf,ARRI data sheet; image diameter 29.26 mm; length = mount flange to front of housing; mount listed as PL-LDS
arri_zeiss_master_anamorphic_40,ARRI/ZEISS,Master Anamorphic,40,1.9,2,0.7,29.26,183,2700,95,PL,S35,https://www.arri.com/resource/blob/178216/d6fa949dec02494bd9f7e3ee46069aa8/master-anamorhic-data-sheets-data.pdf,ARRI data sheet; image diameter 29.26 mm; length = mount flange to front of housing; mount listed as PL-LDS
arri_zeiss_master_anamorphic_50,ARRI/ZEISS,Master Anamorphic,50,1.9,2,0.75,29.26,183,2600,95,PL,S35,https://www.arri.com/resource/blob/178216/d6fa949dec02494bd9f7e3ee46069aa8/master-anamorhic-data-sheets-data.pdf,ARRI data sheet; image diameter 29.26 mm; length = mount flange to front of housing; mount listed as PL-LDS
arri_zeiss_master_anamorphic_60,ARRI/ZEISS,Master Anamorphic,60,1.9,2,0.9,29.26,183,2700,95,PL,S35,https://www.arri.com/resource/blob/178216/d6fa949dec02494bd9f7e3ee46069aa8/master-anamorhic-data-sheets-data.pdf,ARRI data sheet; image diameter 29.26 mm; length = mount flange to front of housing; mount listed as PL-LDS
arri_zeiss_master_anamorphic_75,ARRI/ZEISS,Master Anamorphic,75,1.9,2,0.9,29.26,183,2600,95,PL,S35,https://www.arri.com/resource/blob/178216/d6fa949dec02494bd9f7e3ee46069aa8/master-anamorhic-data-sheets-data.pdf,ARRI data sheet; image diameter 29.26 mm; length = mount flange to front of housing; mount listed as PL-LDS
arri_zeiss_master_anamorphic_100,ARRI/ZEISS,Master Anamorphic,100,1.9,2,0.95,29.26,210,3100,95,PL,S35,https://www.arri.com/resource/blob/178216/d6fa949dec02494bd9f7e3ee46069aa8/master-anamorhic-data-sheets-data.pdf,ARRI data sheet; image diameter 29.26 mm; length = mount flange to front of housing; mount listed as PL-LDS
arri_zeiss_master_anamorphic_135,ARRI/ZEISS,Master Anamorphic,135,1.9,2,1.2,29.26,226,3700,95,PL,S35,https://www.arri.com/resource/blob/178216/d6fa949dec02494bd9f7e3ee46069aa8/master-anamorhic-data-sheets-data.pdf,"ARRI data sheet; image diameter 29.26 mm; length = mount flange to front of housing; mount listed as PL-LDS; DOUBT: 2015/2016 ARRI leaflets list 3.8 kg, data sheet 3.7 kg"
arri_zeiss_master_anamorphic_180,ARRI/ZEISS,Master Anamorphic,180,2.8,2,1.5,29.26,226,3200,95,PL,S35,https://www.arri.com/resource/blob/178216/d6fa949dec02494bd9f7e3ee46069aa8/master-anamorhic-data-sheets-data.pdf,ARRI data sheet; image diameter 29.26 mm; length = mount flange to front of housing; mount listed as PL-LDS
atlas_kaizen_35,Atlas Lens Co.,Kaizen,35,2.6,1.5,0.45,,165,1910,104,LPL,65,https://atlaslensco.com/pages/kaizen,"Reservation/pre-order only. Page gives one spec block for whole set (not per focal) - per-lens values doubtful. Coverage '65mm Format Capable', no IC number."
atlas_kaizen_40,Atlas Lens Co.,Kaizen,40,2.6,1.5,0.45,,165,1910,104,LPL,65,https://atlaslensco.com/pages/kaizen,"Reservation/pre-order only. Page gives one spec block for whole set (not per focal) - per-lens values doubtful. Coverage '65mm Format Capable', no IC number."
atlas_kaizen_50,Atlas Lens Co.,Kaizen,50,2.6,1.5,0.45,,165,1910,104,LPL,65,https://atlaslensco.com/pages/kaizen,"Reservation/pre-order only. Page gives one spec block for whole set (not per focal) - per-lens values doubtful. Coverage '65mm Format Capable', no IC number."
atlas_kaizen_75,Atlas Lens Co.,Kaizen,75,2.6,1.5,0.45,,165,1910,104,LPL,65,https://atlaslensco.com/pages/kaizen,"Reservation/pre-order only. Page gives one spec block for whole set (not per focal) - per-lens values doubtful. Coverage '65mm Format Capable', no IC number."
atlas_kaizen_100,Atlas Lens Co.,Kaizen,100,2.6,1.5,0.45,,165,1910,104,LPL,65,https://atlaslensco.com/pages/kaizen,"Reservation/pre-order only. Page gives one spec block for whole set (not per focal) - per-lens values doubtful. Coverage '65mm Format Capable', no IC number."
atlas_mercury_24,Atlas Lens Co.,Mercury,24,2.2,1.5,0.46,,128,1750,114,PL,FF,https://atlaslensco.com/products/mercury-series-anamorphic-lenses,"Metric values as published (cm->mm, kg->g). Image circle given only as Full Frame 36.7x25.54mm, left empty."
atlas_mercury_27,Atlas Lens Co.,Mercury,27,2.2,1.5,0.46,,139.7,1470,95,PL,FF,https://atlaslensco.com/products/mercury-series-anamorphic-lenses,"Metric values as published (cm->mm, kg->g). Image circle given only as Full Frame 36.7x25.54mm, left empty."
atlas_mercury_32,Atlas Lens Co.,Mercury,32,2.2,1.5,0.46,,136.7,,95,PL,FF,https://atlaslensco.com/products/mercury-series-anamorphic-lenses,"Metric values as published (cm->mm, kg->g). Image circle given only as Full Frame 36.7x25.54mm, left empty. Weight conflict on source: 3.25 lbs vs 2.41 kg - left empty."
atlas_mercury_36,Atlas Lens Co.,Mercury,36,2.2,1.5,0.46,,126,1200,95,PL,FF,https://atlaslensco.com/products/mercury-series-anamorphic-lenses,"Metric values as published (cm->mm, kg->g). Image circle given only as Full Frame 36.7x25.54mm, left empty."
atlas_mercury_42,Atlas Lens Co.,Mercury,42,2.2,1.5,0.56,,112,1100,95,PL,FF,https://atlaslensco.com/products/mercury-series-anamorphic-lenses,"Metric values as published (cm->mm, kg->g). Image circle given only as Full Frame 36.7x25.54mm, left empty."
atlas_mercury_54,Atlas Lens Co.,Mercury,54,2.2,1.5,0.76,,128,1300,95,PL,FF,https://atlaslensco.com/products/mercury-series-anamorphic-lenses,"Metric values as published (cm->mm, kg->g). Image circle given only as Full Frame 36.7x25.54mm, left empty."
atlas_mercury_72,Atlas Lens Co.,Mercury,72,2.2,1.5,0.91,,162,1600,95,PL,FF,https://atlaslensco.com/products/mercury-series-anamorphic-lenses,"Metric values as published (cm->mm, kg->g). Image circle given only as Full Frame 36.7x25.54mm, left empty."
atlas_mercury_95,Atlas Lens Co.,Mercury,95,2.2,1.5,0.91,,176,2000,95,PL,FF,https://atlaslensco.com/products/mercury-series-anamorphic-lenses,"Metric values as published (cm->mm, kg->g). Image circle given only as Full Frame 36.7x25.54mm, left empty."
atlas_mercury_138,Atlas Lens Co.,Mercury,138,2.6,1.5,1.2,,205,2100,95,PL,FF,https://atlaslensco.com/products/mercury-series-anamorphic-lenses,"Metric values as published (cm->mm, kg->g). Image circle given only as Full Frame 36.7x25.54mm, left empty."
atlas_orion_18,Atlas Lens Co.,Orion,18,2,2,0.45,31,187,3150,136,PL,S35,https://atlaslensco.com/products/orion-series-anamorphic-lenses,"Metric values as published alongside imperial (cm->mm, kg->g). Front diameter and 31mm image circle are merged table cells (136mm spans 18-28, 114mm spans 32-200; IC spans all) - doubtful. Native PL; adaptable to EF/mirrorless."
atlas_orion_21,Atlas Lens Co.,Orion,21,2,2,0.45,31,187,3100,136,PL,S35,https://atlaslensco.com/products/orion-series-anamorphic-lenses,"Metric values as published alongside imperial (cm->mm, kg->g). Front diameter and 31mm image circle are merged table cells (136mm spans 18-28, 114mm spans 32-200; IC spans all) - doubtful. Native PL; adaptable to EF/mirrorless."
atlas_orion_25,Atlas Lens Co.,Orion,25,2,2,0.45,31,187,2800,136,PL,S35,https://atlaslensco.com/products/orion-series-anamorphic-lenses,"Metric values as published alongside imperial (cm->mm, kg->g). Front diameter and 31mm image circle are merged table cells (136mm spans 18-28, 114mm spans 32-200; IC spans all) - doubtful. Native PL; adaptable to EF/mirrorless."
atlas_orion_28,Atlas Lens Co.,Orion,28,2,2,0.53,31,187,2900,136,PL,S35,https://atlaslensco.com/products/orion-series-anamorphic-lenses,"Metric values as published alongside imperial (cm->mm, kg->g). Front diameter and 31mm image circle are merged table cells (136mm spans 18-28, 114mm spans 32-200; IC spans all) - doubtful. Native PL; adaptable to EF/mirrorless."
atlas_orion_32,Atlas Lens Co.,Orion,32,2,2,0.56,31,189,2100,114,PL,S35,https://atlaslensco.com/products/orion-series-anamorphic-lenses,"Metric values as published alongside imperial (cm->mm, kg->g). Front diameter and 31mm image circle are merged table cells (136mm spans 18-28, 114mm spans 32-200; IC spans all) - doubtful. Native PL; adaptable to EF/mirrorless. 2.0ft listed as .56m (2.0ft=0.61m) - doubtful."
atlas_orion_40,Atlas Lens Co.,Orion,40,2,2,0.76,31,178,2400,114,PL,S35,https://atlaslensco.com/products/orion-series-anamorphic-lenses,"Metric values as published alongside imperial (cm->mm, kg->g). Front diameter and 31mm image circle are merged table cells (136mm spans 18-28, 114mm spans 32-200; IC spans all) - doubtful. Native PL; adaptable to EF/mirrorless."
atlas_orion_50,Atlas Lens Co.,Orion,50,2,2,0.84,31,184,2300,114,PL,S35,https://atlaslensco.com/products/orion-series-anamorphic-lenses,"Metric values as published alongside imperial (cm->mm, kg->g). Front diameter and 31mm image circle are merged table cells (136mm spans 18-28, 114mm spans 32-200; IC spans all) - doubtful. Native PL; adaptable to EF/mirrorless."
atlas_orion_65,Atlas Lens Co.,Orion,65,2,2,0.91,31,212,2300,114,PL,S35,https://atlaslensco.com/products/orion-series-anamorphic-lenses,"Metric values as published alongside imperial (cm->mm, kg->g). Front diameter and 31mm image circle are merged table cells (136mm spans 18-28, 114mm spans 32-200; IC spans all) - doubtful. Native PL; adaptable to EF/mirrorless."
atlas_orion_80,Atlas Lens Co.,Orion,80,2,2,0.91,31,250,2700,114,PL,S35,https://atlaslensco.com/products/orion-series-anamorphic-lenses,"Metric values as published alongside imperial (cm->mm, kg->g). Front diameter and 31mm image circle are merged table cells (136mm spans 18-28, 114mm spans 32-200; IC spans all) - doubtful. Native PL; adaptable to EF/mirrorless."
atlas_orion_100,Atlas Lens Co.,Orion,100,2,2,1.1,31,305,3000,114,PL,S35,https://atlaslensco.com/products/orion-series-anamorphic-lenses,"Metric values as published alongside imperial (cm->mm, kg->g). Front diameter and 31mm image circle are merged table cells (136mm spans 18-28, 114mm spans 32-200; IC spans all) - doubtful. Native PL; adaptable to EF/mirrorless."
atlas_orion_135,Atlas Lens Co.,Orion,135,2.2,2,1.1,31,329,3990,114,PL,S35,https://atlaslensco.com/products/orion-series-anamorphic-lenses,"Metric values as published alongside imperial (cm->mm, kg->g). Front diameter and 31mm image circle are merged table cells (136mm spans 18-28, 114mm spans 32-200; IC spans all) - doubtful. Native PL; adaptable to EF/mirrorless."
atlas_orion_200,Atlas Lens Co.,Orion,200,3.2,2,1.1,31,329,4000,114,PL,S35,https://atlaslensco.com/products/orion-series-anamorphic-lenses,"Metric values as published alongside imperial (cm->mm, kg->g). Front diameter and 31mm image circle are merged table cells (136mm spans 18-28, 114mm spans 32-200; IC spans all) - doubtful. Native PL; adaptable to EF/mirrorless."
atlas_orion_silver_edition_18,Atlas Lens Co.,Orion Silver Edition,18,2,2,0.45,31,187,3150,136,PL,S35,https://atlaslensco.com/products/orion-silver-edition-anamorphic-lenses,"Metric values as published alongside imperial (cm->mm, kg->g). Front diameter and 31mm image circle are merged table cells (136mm spans 18-28, 114mm spans 32-200; IC spans all) - doubtful. Native PL; adaptable to EF/mirrorless."
atlas_orion_silver_edition_21,Atlas Lens Co.,Orion Silver Edition,21,2,2,0.45,31,187,3100,136,PL,S35,https://atlaslensco.com/products/orion-silver-edition-anamorphic-lenses,"Metric values as published alongside imperial (cm->mm, kg->g). Front diameter and 31mm image circle are merged table cells (136mm spans 18-28, 114mm spans 32-200; IC spans all) - doubtful. Native PL; adaptable to EF/mirrorless."
atlas_orion_silver_edition_25,Atlas Lens Co.,Orion Silver Edition,25,2,2,0.45,31,187,2800,136,PL,S35,https://atlaslensco.com/products/orion-silver-edition-anamorphic-lenses,"Metric values as published alongside imperial (cm->mm, kg->g). Front diameter and 31mm image circle are merged table cells (136mm spans 18-28, 114mm spans 32-200; IC spans all) - doubtful. Native PL; adaptable to EF/mirrorless."
atlas_orion_silver_edition_28,Atlas Lens Co.,Orion Silver Edition,28,2,2,0.53,31,187,2900,136,PL,S35,https://atlaslensco.com/products/orion-silver-edition-anamorphic-lenses,"Metric values as published alongside imperial (cm->mm, kg->g). Front diameter and 31mm image circle are merged table cells (136mm spans 18-28, 114mm spans 32-200; IC spans all) - doubtful. Native PL; adaptable to EF/mirrorless."
atlas_orion_silver_edition_32,Atlas Lens Co.,Orion Silver Edition,32,2,2,0.56,31,189,2100,114,PL,S35,https://atlaslensco.com/products/orion-silver-edition-anamorphic-lenses,"Metric values as published alongside imperial (cm->mm, kg->g). Front diameter and 31mm image circle are merged table cells (136mm spans 18-28, 114mm spans 32-200; IC spans all) - doubtful. Native PL; adaptable to EF/mirrorless. 2.0ft listed as .56m (2.0ft=0.61m) - doubtful."
atlas_orion_silver_edition_40,Atlas Lens Co.,Orion Silver Edition,40,2,2,0.76,31,178,2400,114,PL,S35,https://atlaslensco.com/products/orion-silver-edition-anamorphic-lenses,"Metric values as published alongside imperial (cm->mm, kg->g). Front diameter and 31mm image circle are merged table cells (136mm spans 18-28, 114mm spans 32-200; IC spans all) - doubtful. Native PL; adaptable to EF/mirrorless."
atlas_orion_silver_edition_50,Atlas Lens Co.,Orion Silver Edition,50,2,2,0.84,31,184,2300,114,PL,S35,https://atlaslensco.com/products/orion-silver-edition-anamorphic-lenses,"Metric values as published alongside imperial (cm->mm, kg->g). Front diameter and 31mm image circle are merged table cells (136mm spans 18-28, 114mm spans 32-200; IC spans all) - doubtful. Native PL; adaptable to EF/mirrorless."
atlas_orion_silver_edition_65,Atlas Lens Co.,Orion Silver Edition,65,2,2,0.91,31,212,2300,114,PL,S35,https://atlaslensco.com/products/orion-silver-edition-anamorphic-lenses,"Metric values as published alongside imperial (cm->mm, kg->g). Front diameter and 31mm image circle are merged table cells (136mm spans 18-28, 114mm spans 32-200; IC spans all) - doubtful. Native PL; adaptable to EF/mirrorless."
atlas_orion_silver_edition_80,Atlas Lens Co.,Orion Silver Edition,80,2,2,0.91,31,250,2700,114,PL,S35,https://atlaslensco.com/products/orion-silver-edition-anamorphic-lenses,"Metric values as published alongside imperial (cm->mm, kg->g). Front diameter and 31mm image circle are merged table cells (136mm spans 18-28, 114mm spans 32-200; IC spans all) - doubtful. Native PL; adaptable to EF/mirrorless."
atlas_orion_silver_edition_100,Atlas Lens Co.,Orion Silver Edition,100,2,2,1.1,31,305,3000,114,PL,S35,https://atlaslensco.com/products/orion-silver-edition-anamorphic-lenses,"Metric values as published alongside imperial (cm->mm, kg->g). Front diameter and 31mm image circle are merged table cells (136mm spans 18-28, 114mm spans 32-200; IC spans all) - doubtful. Native PL; adaptable to EF/mirrorless."
atlas_orion_silver_edition_135,Atlas Lens Co.,Orion Silver Edition,135,2.2,2,1.1,31,329,3990,114,PL,S35,https://atlaslensco.com/products/orion-silver-edition-anamorphic-lenses,"Metric values as published alongside imperial (cm->mm, kg->g). Front diameter and 31mm image circle are merged table cells (136mm spans 18-28, 114mm spans 32-200; IC spans all) - doubtful. Native PL; adaptable to EF/mirrorless."
atlas_orion_silver_edition_200,Atlas Lens Co.,Orion Silver Edition,200,3.2,2,1.1,31,329,4000,114,PL,S35,https://atlaslensco.com/products/orion-silver-edition-anamorphic-lenses,"Metric values as published alongside imperial (cm->mm, kg->g). Front diameter and 31mm image circle are merged table cells (136mm spans 18-28, 114mm spans 32-200; IC spans all) - doubtful. Native PL; adaptable to EF/mirrorless."
blazar_cato_40,Blazar,Cato 2x,40,2,2,0.55,,,1020,95,PL;EF,FF,https://blazarlens.com/specs/,Coverage stated as 28.8x24mm; weight PL; length not published
blazar_cato_55,Blazar,Cato 2x,55,2,2,0.79,,,898,85,PL;EF,FF,https://blazarlens.com/specs/,Coverage stated as 28.8x24mm; weight PL; length not published
blazar_cato_85,Blazar,Cato 2x,85,2.8,2,0.77,,,927,85,PL;EF,FF,https://blazarlens.com/specs/,Coverage stated as 36x24mm; weight PL; length not published
blazar_cato_125,Blazar,Cato 2x,125,4,2,0.79,,,940,85,PL;EF,FF,https://blazarlens.com/specs/,Coverage stated as 36x24mm; weight PL; length not published
blazar_mantis_25,Blazar,Mantis 1.33x,25,2.4,1.33,0.38,,,670,80,PL;E-Mount;EF;L-Mount;RF;Nikon Z,FF,https://blazarlens.com/specs/,Covers 36x24mm; weight PL; length not published; 77mm filter
blazar_mantis_35,Blazar,Mantis 1.33x,35,2,1.33,0.48,,,790,80,PL;E-Mount;EF;L-Mount;RF;Nikon Z,FF,https://blazarlens.com/specs/,Covers 36x24mm; weight PL; length not published; 77mm filter
blazar_mantis_50,Blazar,Mantis 1.33x,50,2,1.33,0.48,,,760,80,PL;E-Mount;EF;L-Mount;RF;Nikon Z,FF,https://blazarlens.com/specs/,Covers 36x24mm; weight PL; length not published; 77mm filter
blazar_mantis_75,Blazar,Mantis 1.33x,75,2,1.33,0.67,,,785,80,PL;E-Mount;EF;L-Mount;RF;Nikon Z,FF,https://blazarlens.com/specs/,Covers 36x24mm; weight PL; length not published; 77mm filter
blazar_mantis_100,Blazar,Mantis 1.33x,100,2.4,1.33,0.67,,,770,80,PL;E-Mount;EF;L-Mount;RF;Nikon Z,FF,https://blazarlens.com/specs/,Covers 36x24mm; weight PL; length not published; 77mm filter
blazar_mantis_135,Blazar,Mantis 1.33x,135,3.2,1.33,1,,,800,80,PL;E-Mount;EF;L-Mount;RF;Nikon Z,FF,https://blazarlens.com/specs/,Covers 36x24mm; weight PL; length not published; 77mm filter
blazar_remus_33,Blazar,Remus 1.5x,33,1.8,1.5,0.49,,101,880,80,PL;EF,FF,https://blazarlens.com/specs/,Covers 36x24mm; length/weight PL; 77mm filter
blazar_remus_35,Blazar,Remus 1.5x,35,1.6,1.5,0.74,,93,742,80,PL;EF,S35,https://blazarlens.com/specs/,Specs page gives 25x17mm (S35) coverage; Remus page says 36x24 - doubtful; length/weight PL; 77mm filter
blazar_remus_45,Blazar,Remus 1.5x,45,2,1.5,0.68,,90,720,80,PL;EF,FF,https://blazarlens.com/specs/,Covers 36x24mm; length/weight PL; 77mm filter
blazar_remus_50,Blazar,Remus 1.5x,50,2,1.5,0.74,,90,716,80,PL;EF,FF,https://blazarlens.com/specs/,Covers 36x24mm; length/weight PL; 77mm filter
blazar_remus_65,Blazar,Remus 1.5x,65,2,1.5,0.69,,101,782,80,PL;EF,FF,https://blazarlens.com/specs/,Covers 36x24mm; length/weight PL; 77mm filter
blazar_remus_85,Blazar,Remus 1.5x,85,2.8,1.5,0.69,,104,811,80,PL;EF,FF,https://blazarlens.com/specs/,Covers 36x24mm; length/weight PL; 77mm filter
blazar_remus_100,Blazar,Remus 1.5x,100,2.8,1.5,0.71,,110,788,80,PL;EF,FF,https://blazarlens.com/specs/,Covers 36x24mm; length/weight PL; 77mm filter
blazar_remus_125,Blazar,Remus 1.5x,125,4,1.5,0.76,,114,820,80,PL;EF,FF,https://blazarlens.com/specs/,Covers 36x24mm; length/weight PL; 77mm filter
caldwell_chameleon_sc_25,Caldwell,Chameleon SC,25,2,1.79,,31.1,142,,114,,S35,https://www.caldwell.tv/chameleon/,"IC = maker's 'minimum coverage'. Length/front dia given once for series. Mounts, weight, close focus not published."
caldwell_chameleon_sc_32,Caldwell,Chameleon SC,32,2,1.79,,33.5,142,,114,,S35,https://www.caldwell.tv/chameleon/,"IC = maker's 'minimum coverage'. Length/front dia given once for series. Mounts, weight, close focus not published."
caldwell_chameleon_sc_40,Caldwell,Chameleon SC,40,2,1.79,,37.5,142,,114,,S35,https://www.caldwell.tv/chameleon/,"IC = maker's 'minimum coverage'. Length/front dia given once for series. Mounts, weight, close focus not published."
caldwell_chameleon_sc_50,Caldwell,Chameleon SC,50,2,1.79,,45,142,,114,,FF,https://www.caldwell.tv/chameleon/,"IC = maker's 'minimum coverage'. Length/front dia given once for series. Mounts, weight, close focus not published."
caldwell_chameleon_sc_60,Caldwell,Chameleon SC,60,2,1.79,,45,142,,114,,FF,https://www.caldwell.tv/chameleon/,"IC = maker's 'minimum coverage'. Length/front dia given once for series. Mounts, weight, close focus not published."
caldwell_chameleon_sc_75,Caldwell,Chameleon SC,75,2,1.79,,50,142,,114,,FF,https://www.caldwell.tv/chameleon/,"IC = maker's 'minimum coverage'. Length/front dia given once for series. Mounts, weight, close focus not published."
caldwell_chameleon_sc_100,Caldwell,Chameleon SC,100,2.6,1.79,,50,142,,114,,FF,https://www.caldwell.tv/chameleon/,"IC = maker's 'minimum coverage'. Length/front dia given once for series. Mounts, weight, close focus not published."
caldwell_chameleon_sc_150,Caldwell,Chameleon SC,150,4,1.79,,45,142,,114,,FF,https://www.caldwell.tv/chameleon/,"IC = maker's 'minimum coverage'. Length/front dia given once for series. Mounts, weight, close focus not published."
caldwell_chameleon_uw_32,Caldwell,Chameleon UW,32,2,1.79,,45,142,,114,,FF,https://www.caldwell.tv/chameleon/,"IC = maker's 'minimum coverage'. Length/front dia given once for series. Mounts, weight, close focus not published."
caldwell_chameleon_uw_40,Caldwell,Chameleon UW,40,2,1.79,,45,142,,114,,FF,https://www.caldwell.tv/chameleon/,"IC = maker's 'minimum coverage'. Length/front dia given once for series. Mounts, weight, close focus not published."
caldwell_chameleon_xlc_45,Caldwell,Chameleon XLC,45,2.8,1.79,,60,159,,114,,65,https://www.caldwell.tv/chameleon/,"IC = maker's 'minimum coverage' 60mm (Medium Format); format mapped to 65. Mounts, weight, close focus not published."
caldwell_chameleon_xlc_56,Caldwell,Chameleon XLC,56,2.8,1.79,,60,159,,114,,65,https://www.caldwell.tv/chameleon/,"IC = maker's 'minimum coverage' 60mm (Medium Format); format mapped to 65. Mounts, weight, close focus not published."
caldwell_chameleon_xlc_70,Caldwell,Chameleon XLC,70,2.8,1.79,,60,159,,114,,65,https://www.caldwell.tv/chameleon/,"IC = maker's 'minimum coverage' 60mm (Medium Format); format mapped to 65. Mounts, weight, close focus not published."
caldwell_chameleon_xlc_84,Caldwell,Chameleon XLC,84,2.8,1.79,,60,159,,114,,65,https://www.caldwell.tv/chameleon/,"IC = maker's 'minimum coverage' 60mm (Medium Format); format mapped to 65. Mounts, weight, close focus not published."
caldwell_chameleon_xlc_105,Caldwell,Chameleon XLC,105,2.8,1.79,,60,159,,114,,65,https://www.caldwell.tv/chameleon/,"IC = maker's 'minimum coverage' 60mm (Medium Format); format mapped to 65. Mounts, weight, close focus not published."
caldwell_chameleon_xlc_140,Caldwell,Chameleon XLC,140,3.6,1.79,,60,159,,114,,65,https://www.caldwell.tv/chameleon/,"IC = maker's 'minimum coverage' 60mm (Medium Format); format mapped to 65. Mounts, weight, close focus not published."
cooke_anamorphic_i_ff_32,Cooke,Anamorphic/i Full Frame Plus,32,2.3,1.8,0.9,43.3,206,4200,136,PL;LPL,FF,https://cookeoptics.com/wp-content/uploads/2022/10/COOKE_Anamorphic-i-Full-Frame_Specification_030623.pdf,"Cooke datasheet; 'Full Frame, optimised for coverage of 43.3 mm'; close focus = min. marked object distance; length front of lens to PL mount; weight with PL mount; SF variant shares specs"
cooke_anamorphic_i_ff_40,Cooke,Anamorphic/i Full Frame Plus,40,2.3,1.8,0.9,43.3,212,4400,136,PL;LPL,FF,https://cookeoptics.com/wp-content/uploads/2022/10/COOKE_Anamorphic-i-Full-Frame_Specification_030623.pdf,"Cooke datasheet; 'Full Frame, optimised for coverage of 43.3 mm'; close focus = min. marked object distance; length front of lens to PL mount; weight with PL mount; SF variant shares specs"
cooke_anamorphic_i_ff_50,Cooke,Anamorphic/i Full Frame Plus,50,2.3,1.8,0.85,43.3,204,4000,110,PL;LPL,FF,https://cookeoptics.com/wp-content/uploads/2022/10/COOKE_Anamorphic-i-Full-Frame_Specification_030623.pdf,"Cooke datasheet; 'Full Frame, optimised for coverage of 43.3 mm'; close focus = min. marked object distance; length front of lens to PL mount; weight with PL mount; SF variant shares specs"
cooke_anamorphic_i_ff_75,Cooke,Anamorphic/i Full Frame Plus,75,2.3,1.8,1,43.3,206,3500,110,PL;LPL,FF,https://cookeoptics.com/wp-content/uploads/2022/10/COOKE_Anamorphic-i-Full-Frame_Specification_030623.pdf,"Cooke datasheet; 'Full Frame, optimised for coverage of 43.3 mm'; close focus = min. marked object distance; length front of lens to PL mount; weight with PL mount; SF variant shares specs"
cooke_anamorphic_i_ff_85,Cooke,Anamorphic/i Full Frame Plus,85,2.8,1.8,0.55,43.3,272,5200,136,PL;LPL,FF,https://cookeoptics.com/wp-content/uploads/2022/10/COOKE_Anamorphic-i-Full-Frame_Specification_030623.pdf,"85mm Macro; Cooke datasheet; 'Full Frame, optimised for coverage of 43.3 mm'; close focus = min. marked object distance; length front of lens to PL mount; weight with PL mount; SF variant shares specs"
cooke_anamorphic_i_ff_100,Cooke,Anamorphic/i Full Frame Plus,100,2.3,1.8,1.2,43.3,228,3800,110,PL;LPL,FF,https://cookeoptics.com/wp-content/uploads/2022/10/COOKE_Anamorphic-i-Full-Frame_Specification_030623.pdf,"Cooke datasheet; 'Full Frame, optimised for coverage of 43.3 mm'; close focus = min. marked object distance; length front of lens to PL mount; weight with PL mount; SF variant shares specs"
cooke_anamorphic_i_ff_135,Cooke,Anamorphic/i Full Frame Plus,135,2.3,1.8,1.5,43.3,271,5000,110,PL;LPL,FF,https://cookeoptics.com/wp-content/uploads/2022/10/COOKE_Anamorphic-i-Full-Frame_Specification_030623.pdf,"Cooke datasheet; 'Full Frame, optimised for coverage of 43.3 mm'; close focus = min. marked object distance; length front of lens to PL mount; weight with PL mount; SF variant shares specs"
cooke_anamorphic_i_ff_180,Cooke,Anamorphic/i Full Frame Plus,180,2.9,1.8,2.1,43.3,314,6200,110,PL;LPL,FF,https://cookeoptics.com/wp-content/uploads/2022/10/COOKE_Anamorphic-i-Full-Frame_Specification_030623.pdf,"Cooke datasheet; 'Full Frame, optimised for coverage of 43.3 mm'; close focus = min. marked object distance; length front of lens to PL mount; weight with PL mount; SF variant shares specs"
cooke_anamorphic_i_s35_25,Cooke,Anamorphic/i S35,25,2.3,2,1,31.1,204,4200,136,PL;LPL,S35,https://cookeoptics.com/wp-content/uploads/2022/10/COOKE_Anamorphic-i-S35_Specification_030623.pdf,Cooke datasheet; 'optimised for coverage of 31.1 mm' (S35); close focus = min. marked object distance; length front of lens to PL mount; weight with PL mount; SF (Special Flair) variant shares specs
cooke_anamorphic_i_s35_32,Cooke,Anamorphic/i S35,32,2.3,2,0.85,31.1,198,3200,110,PL;LPL,S35,https://cookeoptics.com/wp-content/uploads/2022/10/COOKE_Anamorphic-i-S35_Specification_030623.pdf,Cooke datasheet; 'optimised for coverage of 31.1 mm' (S35); close focus = min. marked object distance; length front of lens to PL mount; weight with PL mount; SF (Special Flair) variant shares specs
cooke_anamorphic_i_s35_40,Cooke,Anamorphic/i S35,40,2.3,2,0.85,31.1,205,3400,110,PL;LPL,S35,https://cookeoptics.com/wp-content/uploads/2022/10/COOKE_Anamorphic-i-S35_Specification_030623.pdf,Cooke datasheet; 'optimised for coverage of 31.1 mm' (S35); close focus = min. marked object distance; length front of lens to PL mount; weight with PL mount; SF (Special Flair) variant shares specs
cooke_anamorphic_i_s35_50,Cooke,Anamorphic/i S35,50,2.3,2,0.85,31.1,205,3600,110,PL;LPL,S35,https://cookeoptics.com/wp-content/uploads/2022/10/COOKE_Anamorphic-i-S35_Specification_030623.pdf,Cooke datasheet; 'optimised for coverage of 31.1 mm' (S35); close focus = min. marked object distance; length front of lens to PL mount; weight with PL mount; SF (Special Flair) variant shares specs
cooke_anamorphic_i_s35_65,Cooke,Anamorphic/i S35,65,2.6,2,0.44,31.1,266,5200,136,PL;LPL,S35,https://cookeoptics.com/wp-content/uploads/2022/10/COOKE_Anamorphic-i-S35_Specification_030623.pdf,65mm Macro; Cooke datasheet; 'optimised for coverage of 31.1 mm' (S35); close focus = min. marked object distance; length front of lens to PL mount; weight with PL mount; SF (Special Flair) variant shares specs
cooke_anamorphic_i_s35_75,Cooke,Anamorphic/i S35,75,2.3,2,1,31.1,205,3200,110,PL;LPL,S35,https://cookeoptics.com/wp-content/uploads/2022/10/COOKE_Anamorphic-i-S35_Specification_030623.pdf,Cooke datasheet; 'optimised for coverage of 31.1 mm' (S35); close focus = min. marked object distance; length front of lens to PL mount; weight with PL mount; SF (Special Flair) variant shares specs
cooke_anamorphic_i_s35_100,Cooke,Anamorphic/i S35,100,2.3,2,1.2,31.1,205,3400,110,PL;LPL,S35,https://cookeoptics.com/wp-content/uploads/2022/10/COOKE_Anamorphic-i-S35_Specification_030623.pdf,Cooke datasheet; 'optimised for coverage of 31.1 mm' (S35); close focus = min. marked object distance; length front of lens to PL mount; weight with PL mount; SF (Special Flair) variant shares specs
cooke_anamorphic_i_s35_135,Cooke,Anamorphic/i S35,135,2.3,2,1.4,31.1,240,4200,110,PL;LPL,S35,https://cookeoptics.com/wp-content/uploads/2022/10/COOKE_Anamorphic-i-S35_Specification_030623.pdf,"Cooke datasheet; 'optimised for coverage of 31.1 mm' (S35); close focus = min. marked object distance; length front of lens to PL mount; weight with PL mount; SF (Special Flair) variant shares specs; DOUBT: sheet gives 1,400 mm / 5 ft (imperial does not match metric)"
cooke_anamorphic_i_s35_180,Cooke,Anamorphic/i S35,180,2.8,2,2,31.1,302,5800,110,PL;LPL,S35,https://cookeoptics.com/wp-content/uploads/2022/10/COOKE_Anamorphic-i-S35_Specification_030623.pdf,Cooke datasheet; 'optimised for coverage of 31.1 mm' (S35); close focus = min. marked object distance; length front of lens to PL mount; weight with PL mount; SF (Special Flair) variant shares specs
cooke_anamorphic_i_s35_300,Cooke,Anamorphic/i S35,300,3.5,2,3,31.1,381,9400,136,PL;LPL,S35,https://cookeoptics.com/wp-content/uploads/2022/10/COOKE_Anamorphic-i-S35_Specification_030623.pdf,Cooke datasheet; 'optimised for coverage of 31.1 mm' (S35); close focus = min. marked object distance; length front of lens to PL mount; weight with PL mount; SF (Special Flair) variant shares specs
dzofilm_pavo_28,DZOFilm,Pavo 2x,28,2.1,2,0.4,31.5,106.3,1203,95,PL;EF,S35,https://dzofilm.com/lens/anamorphic/pavo,"Length PL/EF; weight approx, mount not stated"
dzofilm_pavo_32,DZOFilm,Pavo 2x,32,2.1,2,0.45,31.5,105.7,1278,95,PL;EF,S35,https://dzofilm.com/lens/anamorphic/pavo,"Length PL/EF; weight approx, mount not stated"
dzofilm_pavo_40,DZOFilm,Pavo 2x,40,2.1,2,0.6,31.5,107.6,1300,95,PL;EF,S35,https://dzofilm.com/lens/anamorphic/pavo,"Length PL/EF; weight approx, mount not stated"
dzofilm_pavo_55,DZOFilm,Pavo 2x,55,2.1,2,0.366,31.5,108.4,1262,95,PL;EF,S35,https://dzofilm.com/lens/anamorphic/pavo,"DOUBTFUL MFD 0.366m as published; Length PL/EF; weight approx, mount not stated"
dzofilm_pavo_65,DZOFilm,Pavo 2x,65,2.8,2,0.84,31.5,160,1963,95,PL;EF,S35,https://dzofilm.com/lens/anamorphic/pavo,"Macro; Length PL/EF; weight approx, mount not stated"
dzofilm_pavo_75,DZOFilm,Pavo 2x,75,2.1,2,0.95,31.5,126.9,1466,95,PL;EF,S35,https://dzofilm.com/lens/anamorphic/pavo,"Length PL/EF; weight approx, mount not stated"
dzofilm_pavo_100,DZOFilm,Pavo 2x,100,2.4,2,0.99,31.5,143.1,1654,95,PL;EF,S35,https://dzofilm.com/lens/anamorphic/pavo,"Length PL/EF; weight approx, mount not stated"
dzofilm_pavo_135,DZOFilm,Pavo 2x,135,2.5,2,1.04,31.5,160,1994,95,PL;EF,S35,https://dzofilm.com/lens/anamorphic/pavo,"Length PL/EF; weight approx, mount not stated"
dzofilm_pavo_180,DZOFilm,Pavo 2x,180,2.8,2,1.04,31.5,160,1950,95,PL;EF,S35,https://dzofilm.com/lens/anamorphic/pavo,"Length PL/EF; weight approx, mount not stated"
hawk_vantage_class_x_28,Hawk (Vantage),Class-X,28,2.2,2,0.8,28.5,138,2200,125,PL,S35,https://www.vantagefilm.com/file/edee/downloads/optics/2x-hawk-anamorphic-lenses/hawk-class-x-technical-data.pdf,"Vantage datasheet; close focus = CFD (MOD 0.65 m); image_circle = image area diagonal (illumination area diagonal 29 mm, rectangular); mounts not stated in datasheet; 2x per Vantage's '2x Hawk anamorphic lenses' download category; mount not on datasheet: Vantage supplies Hawk primes in PL"
hawk_vantage_class_x_35,Hawk (Vantage),Class-X,35,2.2,2,0.75,30,180,3000,125,PL,S35,https://www.vantagefilm.com/file/edee/downloads/optics/2x-hawk-anamorphic-lenses/hawk-class-x-technical-data.pdf,"Vantage datasheet; close focus = CFD (MOD 0.55 m); image_circle = image area diagonal (illumination area diagonal 30.5 mm, rectangular); mounts not stated in datasheet; 2x per Vantage's '2x Hawk anamorphic lenses' download category; mount not on datasheet: Vantage supplies Hawk primes in PL"
hawk_vantage_class_x_45,Hawk (Vantage),Class-X,45,2.2,2,0.75,31.5,165,2500,125,PL,S35,https://www.vantagefilm.com/file/edee/downloads/optics/2x-hawk-anamorphic-lenses/hawk-class-x-technical-data.pdf,"Vantage datasheet; close focus = CFD (MOD 0.55 m); image_circle = image area diagonal (illumination area diagonal 32 mm, rectangular); mounts not stated in datasheet; 2x per Vantage's '2x Hawk anamorphic lenses' download category; mount not on datasheet: Vantage supplies Hawk primes in PL"
hawk_vantage_class_x_55,Hawk (Vantage),Class-X,55,2.2,2,0.75,32.5,169,2300,114,PL,S35,https://www.vantagefilm.com/file/edee/downloads/optics/2x-hawk-anamorphic-lenses/hawk-class-x-technical-data.pdf,"Vantage datasheet; close focus = CFD (MOD 0.55 m); image_circle = image area diagonal (illumination area diagonal 33 mm, rectangular); mounts not stated in datasheet; 2x per Vantage's '2x Hawk anamorphic lenses' download category; mount not on datasheet: Vantage supplies Hawk primes in PL"
hawk_vantage_class_x_55_macro,Hawk (Vantage),Class-X,55,2.2,2,0.35,29.5,210,3000,125,PL,S35,https://www.vantagefilm.com/file/edee/downloads/optics/2x-hawk-anamorphic-lenses/hawk-class-x-technical-data.pdf,"Macro; Vantage datasheet; close focus = CFD (MOD 0.12 m); image_circle = image area diagonal (illumination area diagonal 30 mm, rectangular); mounts not stated in datasheet; 2x per Vantage's '2x Hawk anamorphic lenses' download category; mount not on datasheet: Vantage supplies Hawk primes in PL"
hawk_vantage_class_x_65,Hawk (Vantage),Class-X,65,2.2,2,0.5,31.5,191,2500,114,PL,S35,https://www.vantagefilm.com/file/edee/downloads/optics/2x-hawk-anamorphic-lenses/hawk-class-x-technical-data.pdf,"Vantage datasheet; close focus = CFD (MOD 0.28 m); image_circle = image area diagonal (illumination area diagonal 32 mm, rectangular); mounts not stated in datasheet; 2x per Vantage's '2x Hawk anamorphic lenses' download category; mount not on datasheet: Vantage supplies Hawk primes in PL"
hawk_vantage_class_x_80,Hawk (Vantage),Class-X,80,2.2,2,0.75,34.5,193,2600,114,PL,S35,https://www.vantagefilm.com/file/edee/downloads/optics/2x-hawk-anamorphic-lenses/hawk-class-x-technical-data.pdf,"Vantage datasheet; close focus = CFD (MOD 0.55 m); image_circle = image area diagonal (illumination area diagonal 35 mm, rectangular); mounts not stated in datasheet; 2x per Vantage's '2x Hawk anamorphic lenses' download category; mount not on datasheet: Vantage supplies Hawk primes in PL"
hawk_vantage_class_x_110,Hawk (Vantage),Class-X,110,3,2,0.75,42,209,2800,114,PL,S35,https://www.vantagefilm.com/file/edee/downloads/optics/2x-hawk-anamorphic-lenses/hawk-class-x-technical-data.pdf,"Vantage datasheet; close focus = CFD (MOD 0.5 m); image_circle = image area diagonal (illumination area diagonal 44.5 mm, rectangular); mounts not stated in datasheet; 2x per Vantage's '2x Hawk anamorphic lenses' download category; mount not on datasheet: Vantage supplies Hawk primes in PL"
hawk_vantage_class_x_140,Hawk (Vantage),Class-X,140,3.5,2,0.75,42,233,3000,114,PL,S35,https://www.vantagefilm.com/file/edee/downloads/optics/2x-hawk-anamorphic-lenses/hawk-class-x-technical-data.pdf,"Vantage datasheet; close focus = CFD (MOD 0.49 m); image_circle = image area diagonal (illumination area diagonal 45 mm, rectangular); mounts not stated in datasheet; 2x per Vantage's '2x Hawk anamorphic lenses' download category; mount not on datasheet: Vantage supplies Hawk primes in PL"
hawk_vantage_hawk65_35,Hawk (Vantage),Hawk65,35,2.2,1.3,0.8,46,165,3500,156,PL,LF,https://www.vantagefilm.com/file/edee/downloads/optics/1.3x-hawk-anamorphic-lenses/hawk65-technical-data.pdf,"Vantage datasheet; close focus = CFD (MOD 0.61 m); image_circle = image area diagonal (illumination area diagonal 46.5 mm, rectangular); mounts not stated in datasheet; format LF: Vantage quotes angle of view for Mini LF (36.70 x 25.54 mm); mount not on datasheet: Vantage supplies Hawk primes in PL"
hawk_vantage_hawk65_40,Hawk (Vantage),Hawk65,40,2.2,1.3,1,48,178,3600,156,PL,LF,https://www.vantagefilm.com/file/edee/downloads/optics/1.3x-hawk-anamorphic-lenses/hawk65-technical-data.pdf,"Vantage datasheet; close focus = CFD (MOD 0.8 m); image_circle = image area diagonal (illumination area diagonal 49 mm, rectangular); mounts not stated in datasheet; format LF: Vantage quotes angle of view for Mini LF (36.70 x 25.54 mm); mount not on datasheet: Vantage supplies Hawk primes in PL"
hawk_vantage_hawk65_45,Hawk (Vantage),Hawk65,45,2.2,1.3,1,50,191,3800,156,PL,LF,https://www.vantagefilm.com/file/edee/downloads/optics/1.3x-hawk-anamorphic-lenses/hawk65-technical-data.pdf,"Vantage datasheet; close focus = CFD (MOD 0.8 m); image_circle = image area diagonal (illumination area diagonal 51 mm, rectangular); mounts not stated in datasheet; format LF: Vantage quotes angle of view for Mini LF (36.70 x 25.54 mm); mount not on datasheet: Vantage supplies Hawk primes in PL"
hawk_vantage_hawk65_50,Hawk (Vantage),Hawk65,50,2.2,1.3,0.8,51,257,3800,142,PL,LF,https://www.vantagefilm.com/file/edee/downloads/optics/1.3x-hawk-anamorphic-lenses/hawk65-technical-data.pdf,"Vantage datasheet; close focus = CFD (MOD 0.51 m); image_circle = image area diagonal (illumination area diagonal 52 mm, rectangular); mounts not stated in datasheet; format LF: Vantage quotes angle of view for Mini LF (36.70 x 25.54 mm); mount not on datasheet: Vantage supplies Hawk primes in PL"
hawk_vantage_hawk65_60,Hawk (Vantage),Hawk65,60,2.2,1.3,1,52,225,3300,125,PL,LF,https://www.vantagefilm.com/file/edee/downloads/optics/1.3x-hawk-anamorphic-lenses/hawk65-technical-data.pdf,"Vantage datasheet; close focus = CFD (MOD 0.74 m); image_circle = image area diagonal (illumination area diagonal 53 mm, rectangular); mounts not stated in datasheet; format LF: Vantage quotes angle of view for Mini LF (36.70 x 25.54 mm); mount not on datasheet: Vantage supplies Hawk primes in PL"
hawk_vantage_hawk65_65_macro,Hawk (Vantage),Hawk65,65,2.2,1.3,0.55,51.5,210,3400,125,PL,LF,https://www.vantagefilm.com/file/edee/downloads/optics/1.3x-hawk-anamorphic-lenses/hawk65-technical-data.pdf,"Macro; Vantage datasheet; close focus = CFD (MOD 0.31 m); image_circle = image area diagonal (illumination area diagonal 52.5 mm, rectangular); mounts not stated in datasheet; format LF: Vantage quotes angle of view for Mini LF (36.70 x 25.54 mm); mount not on datasheet: Vantage supplies Hawk primes in PL"
hawk_vantage_hawk65_70,Hawk (Vantage),Hawk65,70,2.2,1.3,1,51.5,195,2900,120,PL,LF,https://www.vantagefilm.com/file/edee/downloads/optics/1.3x-hawk-anamorphic-lenses/hawk65-technical-data.pdf,"Vantage datasheet; close focus = CFD (MOD 0.8 m); image_circle = image area diagonal (illumination area diagonal 52.5 mm, rectangular); mounts not stated in datasheet; format LF: Vantage quotes angle of view for Mini LF (36.70 x 25.54 mm); mount not on datasheet: Vantage supplies Hawk primes in PL"
hawk_vantage_hawk65_80,Hawk (Vantage),Hawk65,80,2.8,1.3,0.8,53.5,234,2800,104,PL,LF,https://www.vantagefilm.com/file/edee/downloads/optics/1.3x-hawk-anamorphic-lenses/hawk65-technical-data.pdf,"Vantage datasheet; close focus = CFD (MOD 0.54 m); image_circle = image area diagonal (illumination area diagonal 54 mm, rectangular); mounts not stated in datasheet; format LF: Vantage quotes angle of view for Mini LF (36.70 x 25.54 mm); mount not on datasheet: Vantage supplies Hawk primes in PL"
hawk_vantage_hawk65_95,Hawk (Vantage),Hawk65,95,2.8,1.3,1,54,209,2500,104,PL,LF,https://www.vantagefilm.com/file/edee/downloads/optics/1.3x-hawk-anamorphic-lenses/hawk65-technical-data.pdf,"Vantage datasheet; close focus = CFD (MOD 0.76 m); image_circle = image area diagonal (illumination area diagonal 55 mm, rectangular); mounts not stated in datasheet; format LF: Vantage quotes angle of view for Mini LF (36.70 x 25.54 mm); mount not on datasheet: Vantage supplies Hawk primes in PL"
hawk_vantage_hawk65_120,Hawk (Vantage),Hawk65,120,2.8,1.3,1,58,260,3900,120,PL,LF,https://www.vantagefilm.com/file/edee/downloads/optics/1.3x-hawk-anamorphic-lenses/hawk65-technical-data.pdf,"Vantage datasheet; close focus = CFD (MOD 0.71 m); image_circle = image area diagonal (illumination area diagonal 60 mm, rectangular); mounts not stated in datasheet; format LF: Vantage quotes angle of view for Mini LF (36.70 x 25.54 mm); mount not on datasheet: Vantage supplies Hawk primes in PL"
hawk_vantage_hawk65_150,Hawk (Vantage),Hawk65,150,2.8,1.3,1,,250,3900,120,PL,LF,https://www.vantagefilm.com/file/edee/downloads/optics/1.3x-hawk-anamorphic-lenses/hawk65-technical-data.pdf,Vantage datasheet; close focus = CFD (MOD 0.72 m); image_circle = image area diagonal; mounts not stated in datasheet; format LF: Vantage quotes angle of view for Mini LF (36.70 x 25.54 mm); image area and illumination given only as '>60mm'; mount not on datasheet: Vantage supplies Hawk primes in PL
hawk_vantage_v_lite_28,Hawk (Vantage),V-Lite,28,2.2,2,0.8,28.5,138,2100,120,PL,S35,https://www.vantagefilm.com/file/edee/downloads/optics/2x-hawk-anamorphic-lenses/hawk-v-lite-technical-data.pdf,Vantage datasheet; close focus = CFD (MOD 0.65 m); image_circle = image area diagonal; mounts not stated in datasheet; mount not on datasheet: Vantage supplies Hawk primes in PL
hawk_vantage_v_lite_35,Hawk (Vantage),V-Lite,35,2.2,2,1,30,170,2900,120,PL,S35,https://www.vantagefilm.com/file/edee/downloads/optics/2x-hawk-anamorphic-lenses/hawk-v-lite-technical-data.pdf,Vantage datasheet; close focus = CFD (MOD 0.8 m); image_circle = image area diagonal; mounts not stated in datasheet; mount not on datasheet: Vantage supplies Hawk primes in PL
hawk_vantage_v_lite_45,Hawk (Vantage),V-Lite,45,2.2,2,1,31.5,155,2000,104,PL,S35,https://www.vantagefilm.com/file/edee/downloads/optics/2x-hawk-anamorphic-lenses/hawk-v-lite-technical-data.pdf,Vantage datasheet; close focus = CFD (MOD 0.8 m); image_circle = image area diagonal; mounts not stated in datasheet; mount not on datasheet: Vantage supplies Hawk primes in PL
hawk_vantage_v_lite_55,Hawk (Vantage),V-Lite,55,2.2,2,1,32.5,155,2000,104,PL,S35,https://www.vantagefilm.com/file/edee/downloads/optics/2x-hawk-anamorphic-lenses/hawk-v-lite-technical-data.pdf,Vantage datasheet; close focus = CFD (MOD 0.8 m); image_circle = image area diagonal; mounts not stated in datasheet; mount not on datasheet: Vantage supplies Hawk primes in PL
hawk_vantage_v_lite_55_macro,Hawk (Vantage),V-Lite,55,2.2,2,0.35,29.5,210,3000,120,PL,S35,https://www.vantagefilm.com/file/edee/downloads/optics/2x-hawk-anamorphic-lenses/hawk-v-lite-technical-data.pdf,Macro; Vantage datasheet; close focus = CFD (MOD 0.12 m); image_circle = image area diagonal; mounts not stated in datasheet; mount not on datasheet: Vantage supplies Hawk primes in PL
hawk_vantage_v_lite_65,Hawk (Vantage),V-Lite,65,2.2,2,1,31.5,163,2200,104,PL,S35,https://www.vantagefilm.com/file/edee/downloads/optics/2x-hawk-anamorphic-lenses/hawk-v-lite-technical-data.pdf,Vantage datasheet; close focus = CFD (MOD 0.8 m); image_circle = image area diagonal; mounts not stated in datasheet; mount not on datasheet: Vantage supplies Hawk primes in PL
hawk_vantage_v_lite_80,Hawk (Vantage),V-Lite,80,2.2,2,1,34.5,183,2400,104,PL,S35,https://www.vantagefilm.com/file/edee/downloads/optics/2x-hawk-anamorphic-lenses/hawk-v-lite-technical-data.pdf,Vantage datasheet; close focus = CFD (MOD 0.8 m); image_circle = image area diagonal; mounts not stated in datasheet; mount not on datasheet: Vantage supplies Hawk primes in PL
hawk_vantage_v_lite_110,Hawk (Vantage),V-Lite,110,3,2,1,42,200,2700,104,PL,S35,https://www.vantagefilm.com/file/edee/downloads/optics/2x-hawk-anamorphic-lenses/hawk-v-lite-technical-data.pdf,Vantage datasheet; close focus = CFD (MOD 0.8 m); image_circle = image area diagonal; mounts not stated in datasheet; mount not on datasheet: Vantage supplies Hawk primes in PL
hawk_vantage_v_lite_140,Hawk (Vantage),V-Lite,140,3.5,2,1,42,226,2900,104,PL,S35,https://www.vantagefilm.com/file/edee/downloads/optics/2x-hawk-anamorphic-lenses/hawk-v-lite-technical-data.pdf,Vantage datasheet; close focus = CFD (MOD 0.75 m); image_circle = image area diagonal; mounts not stated in datasheet; mount not on datasheet: Vantage supplies Hawk primes in PL
hawk_vantage_v_lite_1_3x_20,Hawk (Vantage),V-Lite 1.3x,20,2.2,1.3,0.6,30,145,2500,142,PL,S35,https://www.vantagefilm.com/file/edee/downloads/optics/1.3x-hawk-anamorphic-lenses/hawk-v-lite-13x-technical-data.pdf,"Vantage datasheet; close focus = CFD (MOD 0.45 m); image_circle = image area diagonal (illumination area diagonal 31 mm, rectangular); mounts not stated in datasheet; DOUBT: which of the two diagonal columns is image vs illumination area was read from header order; mount not on datasheet: Vantage supplies Hawk primes in PL"
hawk_vantage_v_lite_1_3x_24,Hawk (Vantage),V-Lite 1.3x,24,2.2,1.3,0.6,30,145,2500,120,PL,S35,https://www.vantagefilm.com/file/edee/downloads/optics/1.3x-hawk-anamorphic-lenses/hawk-v-lite-13x-technical-data.pdf,"Vantage datasheet; close focus = CFD (MOD 0.45 m); image_circle = image area diagonal (illumination area diagonal 31 mm, rectangular); mounts not stated in datasheet; DOUBT: which of the two diagonal columns is image vs illumination area was read from header order; mount not on datasheet: Vantage supplies Hawk primes in PL"
hawk_vantage_v_lite_1_3x_28,Hawk (Vantage),V-Lite 1.3x,28,2.2,1.3,0.8,29,137,2300,120,PL,S35,https://www.vantagefilm.com/file/edee/downloads/optics/1.3x-hawk-anamorphic-lenses/hawk-v-lite-13x-technical-data.pdf,"Vantage datasheet; close focus = CFD (MOD 0.65 m); image_circle = image area diagonal (illumination area diagonal 30 mm, rectangular); mounts not stated in datasheet; DOUBT: which of the two diagonal columns is image vs illumination area was read from header order; mount not on datasheet: Vantage supplies Hawk primes in PL"
hawk_vantage_v_lite_1_3x_35,Hawk (Vantage),V-Lite 1.3x,35,2.2,1.3,1,32.5,170,2900,120,PL,S35,https://www.vantagefilm.com/file/edee/downloads/optics/1.3x-hawk-anamorphic-lenses/hawk-v-lite-13x-technical-data.pdf,"Vantage datasheet; close focus = CFD (MOD 0.8 m); image_circle = image area diagonal (illumination area diagonal 33.5 mm, rectangular); mounts not stated in datasheet; DOUBT: which of the two diagonal columns is image vs illumination area was read from header order; mount not on datasheet: Vantage supplies Hawk primes in PL"
hawk_vantage_v_lite_1_3x_45,Hawk (Vantage),V-Lite 1.3x,45,2.2,1.3,1,34,154,1900,104,PL,S35,https://www.vantagefilm.com/file/edee/downloads/optics/1.3x-hawk-anamorphic-lenses/hawk-v-lite-13x-technical-data.pdf,"Vantage datasheet; close focus = CFD (MOD 0.8 m); image_circle = image area diagonal (illumination area diagonal 34.5 mm, rectangular); mounts not stated in datasheet; DOUBT: which of the two diagonal columns is image vs illumination area was read from header order; mount not on datasheet: Vantage supplies Hawk primes in PL"
hawk_vantage_v_lite_1_3x_55,Hawk (Vantage),V-Lite 1.3x,55,2.2,1.3,1,35,156,2000,104,PL,S35,https://www.vantagefilm.com/file/edee/downloads/optics/1.3x-hawk-anamorphic-lenses/hawk-v-lite-13x-technical-data.pdf,"Vantage datasheet; close focus = CFD (MOD 0.8 m); image_circle = image area diagonal (illumination area diagonal 36 mm, rectangular); mounts not stated in datasheet; DOUBT: which of the two diagonal columns is image vs illumination area was read from header order; mount not on datasheet: Vantage supplies Hawk primes in PL"
hawk_vantage_v_lite_1_3x_55_macro,Hawk (Vantage),V-Lite 1.3x,55,2.3,1.3,0.35,34,210,3000,120,PL,S35,https://www.vantagefilm.com/file/edee/downloads/optics/1.3x-hawk-anamorphic-lenses/hawk-v-lite-13x-technical-data.pdf,"Macro; Vantage datasheet; close focus = CFD (MOD 0.12 m); image_circle = image area diagonal (illumination area diagonal 35 mm, rectangular); mounts not stated in datasheet; DOUBT: which of the two diagonal columns is image vs illumination area was read from header order; mount not on datasheet: Vantage supplies Hawk primes in PL"
hawk_vantage_v_lite_1_3x_65,Hawk (Vantage),V-Lite 1.3x,65,2.2,1.3,1,36.5,160,2000,104,PL,S35,https://www.vantagefilm.com/file/edee/downloads/optics/1.3x-hawk-anamorphic-lenses/hawk-v-lite-13x-technical-data.pdf,"Vantage datasheet; close focus = CFD (MOD 0.8 m); image_circle = image area diagonal (illumination area diagonal 38 mm, rectangular); mounts not stated in datasheet; DOUBT: which of the two diagonal columns is image vs illumination area was read from header order; mount not on datasheet: Vantage supplies Hawk primes in PL"
hawk_vantage_v_lite_1_3x_80,Hawk (Vantage),V-Lite 1.3x,80,2.2,1.3,1,36.5,185,2300,104,PL,S35,https://www.vantagefilm.com/file/edee/downloads/optics/1.3x-hawk-anamorphic-lenses/hawk-v-lite-13x-technical-data.pdf,"Vantage datasheet; close focus = CFD (MOD 0.8 m); image_circle = image area diagonal (illumination area diagonal 37.5 mm, rectangular); mounts not stated in datasheet; DOUBT: which of the two diagonal columns is image vs illumination area was read from header order; mount not on datasheet: Vantage supplies Hawk primes in PL"
hawk_vantage_v_lite_1_3x_110,Hawk (Vantage),V-Lite 1.3x,110,3,1.3,1,43,200,2600,104,PL,S35,https://www.vantagefilm.com/file/edee/downloads/optics/1.3x-hawk-anamorphic-lenses/hawk-v-lite-13x-technical-data.pdf,"Vantage datasheet; close focus = CFD (MOD 0.8 m); image_circle = image area diagonal (illumination area diagonal 48 mm, rectangular); mounts not stated in datasheet; DOUBT: which of the two diagonal columns is image vs illumination area was read from header order; mount not on datasheet: Vantage supplies Hawk primes in PL"
hawk_vantage_v_lite_1_3x_140,Hawk (Vantage),V-Lite 1.3x,140,3.5,1.3,1,43,220,2700,104,PL,S35,https://www.vantagefilm.com/file/edee/downloads/optics/1.3x-hawk-anamorphic-lenses/hawk-v-lite-13x-technical-data.pdf,"Vantage datasheet; close focus = CFD (MOD 0.75 m); image_circle = image area diagonal (illumination area diagonal 46 mm, rectangular); mounts not stated in datasheet; DOUBT: which of the two diagonal columns is image vs illumination area was read from header order; mount not on datasheet: Vantage supplies Hawk primes in PL"
hawk_vantage_v_lite_vintage74_28,Hawk (Vantage),V-Lite Vintage'74,28,2.3,2,0.8,28.5,138,2100,120,PL,S35,https://www.vantagefilm.com/file/edee/downloads/optics/2x-hawk-anamorphic-lenses/hawk-v-lite-vintage74-technical-data.pdf,"Vantage datasheet; close focus = CFD (MOD 0.65 m); image_circle = image area diagonal (illumination area diagonal 29 mm, rectangular); mounts not stated in datasheet; mount not on datasheet: Vantage supplies Hawk primes in PL"
hawk_vantage_v_lite_vintage74_35,Hawk (Vantage),V-Lite Vintage'74,35,2.3,2,1,30,170,2900,120,PL,S35,https://www.vantagefilm.com/file/edee/downloads/optics/2x-hawk-anamorphic-lenses/hawk-v-lite-vintage74-technical-data.pdf,"Vantage datasheet; close focus = CFD (MOD 0.8 m); image_circle = image area diagonal (illumination area diagonal 30.5 mm, rectangular); mounts not stated in datasheet; mount not on datasheet: Vantage supplies Hawk primes in PL"
hawk_vantage_v_lite_vintage74_45,Hawk (Vantage),V-Lite Vintage'74,45,2.3,2,1,31.5,155,2000,104,PL,S35,https://www.vantagefilm.com/file/edee/downloads/optics/2x-hawk-anamorphic-lenses/hawk-v-lite-vintage74-technical-data.pdf,"Vantage datasheet; close focus = CFD (MOD 0.8 m); image_circle = image area diagonal (illumination area diagonal 32 mm, rectangular); mounts not stated in datasheet; mount not on datasheet: Vantage supplies Hawk primes in PL"
hawk_vantage_v_lite_vintage74_55,Hawk (Vantage),V-Lite Vintage'74,55,2.3,2,1,32.5,155,2000,104,PL,S35,https://www.vantagefilm.com/file/edee/downloads/optics/2x-hawk-anamorphic-lenses/hawk-v-lite-vintage74-technical-data.pdf,"Vantage datasheet; close focus = CFD (MOD 0.8 m); image_circle = image area diagonal (illumination area diagonal 33 mm, rectangular); mounts not stated in datasheet; mount not on datasheet: Vantage supplies Hawk primes in PL"
hawk_vantage_v_lite_vintage74_55_macro,Hawk (Vantage),V-Lite Vintage'74,55,2.3,2,0.35,29.5,210,3000,120,PL,S35,https://www.vantagefilm.com/file/edee/downloads/optics/2x-hawk-anamorphic-lenses/hawk-v-lite-vintage74-technical-data.pdf,"Macro; Vantage datasheet; close focus = CFD (MOD 0.12 m); image_circle = image area diagonal (illumination area diagonal 30 mm, rectangular); mounts not stated in datasheet; mount not on datasheet: Vantage supplies Hawk primes in PL"
hawk_vantage_v_lite_vintage74_65,Hawk (Vantage),V-Lite Vintage'74,65,2.3,2,1,31.5,163,2200,104,PL,S35,https://www.vantagefilm.com/file/edee/downloads/optics/2x-hawk-anamorphic-lenses/hawk-v-lite-vintage74-technical-data.pdf,"Vantage datasheet; close focus = CFD (MOD 0.8 m); image_circle = image area diagonal (illumination area diagonal 32 mm, rectangular); mounts not stated in datasheet; mount not on datasheet: Vantage supplies Hawk primes in PL"
hawk_vantage_v_lite_vintage74_80,Hawk (Vantage),V-Lite Vintage'74,80,2.3,2,1,34.5,183,2400,104,PL,S35,https://www.vantagefilm.com/file/edee/downloads/optics/2x-hawk-anamorphic-lenses/hawk-v-lite-vintage74-technical-data.pdf,"Vantage datasheet; close focus = CFD (MOD 0.8 m); image_circle = image area diagonal (illumination area diagonal 35 mm, rectangular); mounts not stated in datasheet; mount not on datasheet: Vantage supplies Hawk primes in PL"
hawk_vantage_v_lite_vintage74_110,Hawk (Vantage),V-Lite Vintage'74,110,3.1,2,1,42,200,2700,104,PL,S35,https://www.vantagefilm.com/file/edee/downloads/optics/2x-hawk-anamorphic-lenses/hawk-v-lite-vintage74-technical-data.pdf,"Vantage datasheet; close focus = CFD (MOD 0.8 m); image_circle = image area diagonal (illumination area diagonal 44.5 mm, rectangular); mounts not stated in datasheet; mount not on datasheet: Vantage supplies Hawk primes in PL"
hawk_vantage_v_lite_vintage74_140,Hawk (Vantage),V-Lite Vintage'74,140,3.6,2,1,42,226,2900,104,PL,S35,https://www.vantagefilm.com/file/edee/downloads/optics/2x-hawk-anamorphic-lenses/hawk-v-lite-vintage74-technical-data.pdf,"Vantage datasheet; close focus = CFD (MOD 0.75 m); image_circle = image area diagonal (illumination area diagonal 45 mm, rectangular); mounts not stated in datasheet; mount not on datasheet: Vantage supplies Hawk primes in PL"
hawk_vantage_v_plus_30,Hawk (Vantage),V-Plus,30,2.2,2,0.75,28,186,6000,156,PL,S35,https://www.vantagefilm.com/file/edee/downloads/optics/2x-hawk-anamorphic-lenses/hawk-v-plus-technical-data.pdf,"Vantage datasheet; close focus = CFD (MOD 0.53 m); image_circle = image area diagonal (illumination area diagonal 28.5 mm, rectangular); mounts not stated in datasheet; 2x per Vantage's '2x Hawk anamorphic lenses' download category; DOUBT: second diagonal column labelled ambiguously by extraction (likely illumination area); mount not on datasheet: Vantage supplies Hawk primes in PL"
hawk_vantage_v_plus_35,Hawk (Vantage),V-Plus,35,2.2,2,0.73,30,188,5300,156,PL,S35,https://www.vantagefilm.com/file/edee/downloads/optics/2x-hawk-anamorphic-lenses/hawk-v-plus-technical-data.pdf,"Vantage datasheet; close focus = CFD (MOD 0.51 m); image_circle = image area diagonal (illumination area diagonal 30.5 mm, rectangular); mounts not stated in datasheet; 2x per Vantage's '2x Hawk anamorphic lenses' download category; DOUBT: second diagonal column labelled ambiguously by extraction (likely illumination area); mount not on datasheet: Vantage supplies Hawk primes in PL"
hawk_vantage_v_plus_40,Hawk (Vantage),V-Plus,40,2.2,2,0.73,31,199,5700,156,PL,S35,https://www.vantagefilm.com/file/edee/downloads/optics/2x-hawk-anamorphic-lenses/hawk-v-plus-technical-data.pdf,"Vantage datasheet; close focus = CFD (MOD 0.5 m); image_circle = image area diagonal (illumination area diagonal 31.5 mm, rectangular); mounts not stated in datasheet; 2x per Vantage's '2x Hawk anamorphic lenses' download category; DOUBT: second diagonal column labelled ambiguously by extraction (likely illumination area); mount not on datasheet: Vantage supplies Hawk primes in PL"
hawk_vantage_v_plus_50,Hawk (Vantage),V-Plus,50,2.2,2,0.58,30.5,203,3700,125,PL,S35,https://www.vantagefilm.com/file/edee/downloads/optics/2x-hawk-anamorphic-lenses/hawk-v-plus-technical-data.pdf,"Vantage datasheet; close focus = CFD (MOD 0.36 m); image_circle = image area diagonal (illumination area diagonal 31 mm, rectangular); mounts not stated in datasheet; 2x per Vantage's '2x Hawk anamorphic lenses' download category; DOUBT: second diagonal column labelled ambiguously by extraction (likely illumination area); mount not on datasheet: Vantage supplies Hawk primes in PL"
hawk_vantage_v_plus_65_scf,Hawk (Vantage),V-Plus,65,3,2,0.35,28.5,252,4400,125,PL,S35,https://www.vantagefilm.com/file/edee/downloads/optics/2x-hawk-anamorphic-lenses/hawk-v-plus-technical-data.pdf,"Super Close Focus; Vantage datasheet; close focus = CFD (MOD 0.02 m); image_circle = image area diagonal (illumination area diagonal 29 mm, rectangular); mounts not stated in datasheet; 2x per Vantage's '2x Hawk anamorphic lenses' download category; DOUBT: second diagonal column labelled ambiguously by extraction (likely illumination area); mount not on datasheet: Vantage supplies Hawk primes in PL"
hawk_vantage_v_plus_75,Hawk (Vantage),V-Plus,75,2.2,2,0.6,32,234,4300,125,PL,S35,https://www.vantagefilm.com/file/edee/downloads/optics/2x-hawk-anamorphic-lenses/hawk-v-plus-technical-data.pdf,"Vantage datasheet; close focus = CFD (MOD 0.34 m); image_circle = image area diagonal (illumination area diagonal 32.5 mm, rectangular); mounts not stated in datasheet; 2x per Vantage's '2x Hawk anamorphic lenses' download category; DOUBT: second diagonal column labelled ambiguously by extraction (likely illumination area); mount not on datasheet: Vantage supplies Hawk primes in PL"
hawk_vantage_v_plus_85,Hawk (Vantage),V-Plus,85,2.2,2,0.6,32,250,4500,125,PL,S35,https://www.vantagefilm.com/file/edee/downloads/optics/2x-hawk-anamorphic-lenses/hawk-v-plus-technical-data.pdf,"Vantage datasheet; close focus = CFD (MOD 0.32 m); image_circle = image area diagonal (illumination area diagonal 32.5 mm, rectangular); mounts not stated in datasheet; 2x per Vantage's '2x Hawk anamorphic lenses' download category; DOUBT: second diagonal column labelled ambiguously by extraction (likely illumination area); mount not on datasheet: Vantage supplies Hawk primes in PL"
hawk_vantage_v_plus_100,Hawk (Vantage),V-Plus,100,2.2,2,0.98,33.5,325,5700,125,PL,S35,https://www.vantagefilm.com/file/edee/downloads/optics/2x-hawk-anamorphic-lenses/hawk-v-plus-technical-data.pdf,"Vantage datasheet; close focus = CFD (MOD 0.63 m); image_circle = image area diagonal (illumination area diagonal 34.5 mm, rectangular); mounts not stated in datasheet; 2x per Vantage's '2x Hawk anamorphic lenses' download category; DOUBT: second diagonal column labelled ambiguously by extraction (likely illumination area); mount not on datasheet: Vantage supplies Hawk primes in PL"
hawk_vantage_v_plus_120_scf,Hawk (Vantage),V-Plus,120,3.5,2,0.42,31,335,5700,125,PL,S35,https://www.vantagefilm.com/file/edee/downloads/optics/2x-hawk-anamorphic-lenses/hawk-v-plus-technical-data.pdf,"Super Close Focus; Vantage datasheet; close focus = CFD (MOD 0.01 m); image_circle = image area diagonal (illumination area diagonal 31.5 mm, rectangular); mounts not stated in datasheet; 2x per Vantage's '2x Hawk anamorphic lenses' download category; DOUBT: second diagonal column labelled ambiguously by extraction (likely illumination area); mount not on datasheet: Vantage supplies Hawk primes in PL"
hawk_vantage_v_plus_135,Hawk (Vantage),V-Plus,135,3,2,0.98,35.5,325,5400,125,PL,S35,https://www.vantagefilm.com/file/edee/downloads/optics/2x-hawk-anamorphic-lenses/hawk-v-plus-technical-data.pdf,"Vantage datasheet; close focus = CFD (MOD 0.63 m); image_circle = image area diagonal (illumination area diagonal 38 mm, rectangular); mounts not stated in datasheet; 2x per Vantage's '2x Hawk anamorphic lenses' download category; DOUBT: second diagonal column labelled ambiguously by extraction (likely illumination area); mount not on datasheet: Vantage supplies Hawk primes in PL"
hawk_vantage_v_plus_150,Hawk (Vantage),V-Plus,150,3,2,0.98,35.5,323,5600,125,PL,S35,https://www.vantagefilm.com/file/edee/downloads/optics/2x-hawk-anamorphic-lenses/hawk-v-plus-technical-data.pdf,"Vantage datasheet; close focus = CFD (MOD 0.62 m); image_circle = image area diagonal (illumination area diagonal 38 mm, rectangular); mounts not stated in datasheet; 2x per Vantage's '2x Hawk anamorphic lenses' download category; DOUBT: second diagonal column labelled ambiguously by extraction (likely illumination area); mount not on datasheet: Vantage supplies Hawk primes in PL"
laowa_nanomorph_20,Laowa,Nanomorph 1.5x S35,20,2.2,1.5,0.43,,85,304,60,MFT;PL,MFT,http://laowacine.com/product/nanomorph-20mm-t2-2-mft/,MFT lens; length/weight MFT version; 60mm = body diameter; 55mm filter
laowa_nanomorph_27,Laowa,Nanomorph 1.5x S35,27,2.8,1.5,0.43,,,,,PL;EF;RF;E-Mount;MFT;L-Mount;Nikon Z;X-Mount;DJI DL,S35,http://laowacine.com/product/laowa-1-5x-nanomorph-27mm-t2-8-35mm-t2-4-50mm-t2-4-pl-ef/,"Per-lens length/weight only in spec image (series text: <320g, ~9cm); mirrorless mounts per laowa-1-5x-nanomorph-27mm-t2-8-35mm-t2-4-50mm-t2-4 page"
laowa_nanomorph_35,Laowa,Nanomorph 1.5x S35,35,2.4,1.5,0.6,,,,,PL;EF;RF;E-Mount;MFT;L-Mount;Nikon Z;X-Mount;DJI DL,S35,http://laowacine.com/product/laowa-1-5x-nanomorph-27mm-t2-8-35mm-t2-4-50mm-t2-4-pl-ef/,"Per-lens length/weight only in spec image (series text: <320g, ~9cm); mirrorless mounts per laowa-1-5x-nanomorph-27mm-t2-8-35mm-t2-4-50mm-t2-4 page"
laowa_nanomorph_50,Laowa,Nanomorph 1.5x S35,50,2.4,1.5,0.7,,,,,PL;EF;RF;E-Mount;MFT;L-Mount;Nikon Z;X-Mount;DJI DL,S35,http://laowacine.com/product/laowa-1-5x-nanomorph-27mm-t2-8-35mm-t2-4-50mm-t2-4-pl-ef/,"Per-lens length/weight only in spec image (series text: <320g, ~9cm); mirrorless mounts per laowa-1-5x-nanomorph-27mm-t2-8-35mm-t2-4-50mm-t2-4 page"
laowa_nanomorph_60,Laowa,Nanomorph 1.5x S35,60,2.9,1.5,0.24,,144,1070,80,PL;EF;RF;E-Mount;Nikon Z;L-Mount,S35,http://laowacine.com/product/nanomorph-1-5x-anamorphic-60mm-t2-9-0-5x-macro/,1:2 macro; coverage 25.6x16mm; 77mm filter
laowa_nanomorph_65,Laowa,Nanomorph 1.5x S35,65,2.4,1.5,0.7,,,,,PL;EF;RF;E-Mount;MFT;L-Mount;Nikon Z;X-Mount;DJI DL,S35,http://laowacine.com/product/laowa-1-5x-nanomorph-27mm-t2-8-35mm-t2-4-50mm-t2-4-pl-ef/,"Per-lens length/weight only in spec image (series text: <320g, ~9cm); mirrorless mounts per laowa-1-5x-nanomorph-27mm-t2-8-35mm-t2-4-50mm-t2-4 page"
laowa_nanomorph_80,Laowa,Nanomorph 1.5x S35,80,2.4,1.5,0.7,,,,,PL;EF;RF;E-Mount;MFT;L-Mount;Nikon Z;X-Mount;DJI DL,S35,http://laowacine.com/product/laowa-1-5x-nanomorph-27mm-t2-8-35mm-t2-4-50mm-t2-4-pl-ef/,"Per-lens length/weight only in spec image (series text: <320g, ~9cm); mirrorless mounts per laowa-1-5x-nanomorph-27mm-t2-8-35mm-t2-4-50mm-t2-4 page"
laowa_nanomorph_lf_32,Laowa,Nanomorph LF 1.5x,32,2.9,1.5,,44.71,,,,PL;EF,LF,https://laowacine.com/product/nanomorph-lf-1-5x-anamorphic-series/,MFD/length/weight only in spec image; 77mm filter
laowa_nanomorph_lf_42,Laowa,Nanomorph LF 1.5x,42,2.9,1.5,,44.71,,,,PL;EF,LF,https://laowacine.com/product/nanomorph-lf-1-5x-anamorphic-series/,MFD/length/weight only in spec image; 77mm filter
laowa_nanomorph_lf_55,Laowa,Nanomorph LF 1.5x,55,2.9,1.5,,44.71,,,,PL;EF,LF,https://laowacine.com/product/nanomorph-lf-1-5x-anamorphic-series/,MFD/length/weight only in spec image; 77mm filter
laowa_nanomorph_lf_85,Laowa,Nanomorph LF 1.5x,85,2.9,1.5,,44.71,,,,PL;EF,LF,https://laowacine.com/product/nanomorph-lf-1-5x-anamorphic-series/,MFD/length/weight only in spec image; 77mm filter
laowa_proteus_20,Laowa,Proteus 2x,20,2,2,0.55,,,,114,PL;EF,S35,https://laowacine.com/product/laowa-proteus-2x-anamorphic-series/,S35+ (21.6mm sensor height); MFD 0.55m stated for whole series; length/weight only in spec images; 105mm filter
laowa_proteus_28,Laowa,Proteus 2x,28,2,2,0.55,,,,114,PL;EF,S35,https://laowacine.com/product/laowa-proteus-2x-anamorphic-series/,S35+ (21.6mm sensor height); MFD 0.55m stated for whole series; length/weight only in spec images; 105mm filter
laowa_proteus_35,Laowa,Proteus 2x,35,2,2,0.55,,,,114,PL;EF,S35,https://laowacine.com/product/laowa-proteus-2x-anamorphic-series/,S35+ (21.6mm sensor height); MFD 0.55m stated for whole series; length/weight only in spec images; 105mm filter
laowa_proteus_45,Laowa,Proteus 2x,45,2,2,0.55,,,,114,PL;EF,S35,https://laowacine.com/product/laowa-proteus-2x-anamorphic-series/,S35+ (21.6mm sensor height); MFD 0.55m stated for whole series; length/weight only in spec images; 105mm filter
laowa_proteus_60,Laowa,Proteus 2x,60,2,2,0.55,,,,114,PL;EF,S35,https://laowacine.com/product/laowa-proteus-2x-anamorphic-series/,S35+ (21.6mm sensor height); MFD 0.55m stated for whole series; length/weight only in spec images; 105mm filter
laowa_proteus_85,Laowa,Proteus 2x,85,2,2,0.55,,,,114,PL;EF,S35,https://laowacine.com/product/laowa-proteus-2x-anamorphic-series/,S35+ (21.6mm sensor height); MFD 0.55m stated for whole series; length/weight only in spec images; 105mm filter
laowa_proteus_100,Laowa,Proteus 2x,100,2,2,0.55,,,,114,PL;EF,S35,https://laowacine.com/product/laowa-proteus-2x-anamorphic-series/,S35+ (21.6mm sensor height); MFD 0.55m stated for whole series; length/weight only in spec images; 105mm filter
p_s_technik_evolution_2x_32,P+S Technik,Evolution 2X,32,2.4,2,0.65,31.1,,1800,110,PL,S35,https://www.pstechnik.de/tpl/download/Evolution2X_TechnicalData_20210803.pdf,IC 31.1mm min. per datasheet; maker says 75mm and up cover Full Format. EF and other mounts available on request. Length not published in readable form.
p_s_technik_evolution_2x_40,P+S Technik,Evolution 2X,40,2.4,2,0.9,31.1,,1100,80,PL,S35,https://www.pstechnik.de/tpl/download/Evolution2X_TechnicalData_20210803.pdf,IC 31.1mm min. per datasheet; maker says 75mm and up cover Full Format. EF and other mounts available on request. Length not published in readable form.
p_s_technik_evolution_2x_50,P+S Technik,Evolution 2X,50,2.4,2,0.9,31.1,,1200,80,PL,S35,https://www.pstechnik.de/tpl/download/Evolution2X_TechnicalData_20210803.pdf,IC 31.1mm min. per datasheet; maker says 75mm and up cover Full Format. EF and other mounts available on request. Length not published in readable form.
p_s_technik_evolution_2x_75,P+S Technik,Evolution 2X,75,2.5,2,1,31.1,,1500,80,PL,FF,https://www.pstechnik.de/tpl/download/Evolution2X_TechnicalData_20210803.pdf,IC 31.1mm min. per datasheet; maker says 75mm and up cover Full Format. EF and other mounts available on request. Length not published in readable form. CFD 1.0m in datasheet vs 0.9m on web page - doubtful.
p_s_technik_evolution_2x_100,P+S Technik,Evolution 2X,100,3.2,2,1.5,31.1,,1600,80,PL,FF,https://www.pstechnik.de/tpl/download/Evolution2X_TechnicalData_20210803.pdf,IC 31.1mm min. per datasheet; maker says 75mm and up cover Full Format. EF and other mounts available on request. Length not published in readable form.
p_s_technik_evolution_2x_135,P+S Technik,Evolution 2X,135,3.5,2,1.5,31.1,,1900,80,PL,FF,https://www.pstechnik.de/tpl/download/Evolution2X_TechnicalData_20210803.pdf,IC 31.1mm min. per datasheet; maker says 75mm and up cover Full Format. EF and other mounts available on request. Length not published in readable form.
p_s_technik_technovision_1_5x_40,P+S Technik,Technovision 1.5X,40,2.2,1.5,0.66,43.3,163.6,2800,136,PL;LPL,FF,https://www.pstechnik.de/lenses/technovision-lenses,Weight/CFD from web table; front dia & IC (43.3mm min.) from TechnicalData_20211029.pdf; length = PL version from Dimensions_20200921.pdf (LPL 2mm shorter).
p_s_technik_technovision_1_5x_50,P+S Technik,Technovision 1.5X,50,2.2,1.5,0.66,43.3,177.8,3000,136,PL;LPL,FF,https://www.pstechnik.de/lenses/technovision-lenses,Weight/CFD from web table; front dia & IC (43.3mm min.) from TechnicalData_20211029.pdf; length = PL version from Dimensions_20200921.pdf (LPL 2mm shorter).
p_s_technik_technovision_1_5x_75,P+S Technik,Technovision 1.5X,75,2.5,1.5,1,43.3,261,4000,136,PL;LPL,FF,https://www.pstechnik.de/lenses/technovision-lenses,Weight/CFD from web table; front dia & IC (43.3mm min.) from TechnicalData_20211029.pdf; length = PL version from Dimensions_20200921.pdf (LPL 2mm shorter).
p_s_technik_technovision_1_5x_100,P+S Technik,Technovision 1.5X,100,2.5,1.5,1.05,43.3,274.8,4200,136,PL;LPL,FF,https://www.pstechnik.de/lenses/technovision-lenses,Weight/CFD from web table; front dia & IC (43.3mm min.) from TechnicalData_20211029.pdf; length = PL version from Dimensions_20200921.pdf (LPL 2mm shorter). Datasheet may list CFD 1m vs web 1.05m - doubtful.
p_s_technik_technovision_1_5x_135,P+S Technik,Technovision 1.5X,135,2.5,1.5,1.05,43.3,347.5,5500,136,PL;LPL,FF,https://www.pstechnik.de/lenses/technovision-lenses,Weight/CFD from web table; front dia & IC (43.3mm min.) from TechnicalData_20211029.pdf; length = PL version from Dimensions_20200921.pdf (LPL 2mm shorter).
p_s_technik_technovision_1_5x_150,P+S Technik,Technovision 1.5X,150,2.5,1.5,1.05,43.3,,5600,136,PL;LPL,FF,https://www.pstechnik.de/lenses/technovision-lenses,Weight/CFD from web table; front dia & IC (43.3mm min.) from TechnicalData_20211029.pdf; length = PL version from Dimensions_20200921.pdf (LPL 2mm shorter). CFD given as approx (~1.05m); no overall length published.
p_s_technik_technovision_1_5x_200,P+S Technik,Technovision 1.5X,200,3.2,1.5,1.05,43.3,,5300,136,PL;LPL,FF,https://www.pstechnik.de/lenses/technovision-lenses,Weight/CFD from web table; front dia & IC (43.3mm min.) from TechnicalData_20211029.pdf; length = PL version from Dimensions_20200921.pdf (LPL 2mm shorter). CFD given as approx (~1.05m); no overall length published.
panavision_c_series_35_t3,Panavision,C Series,35,3,2,1.219,,134,2200,113,Panavision PV,S35,https://www.panavision.com/camera-and-optics/optics/product-detail/c-c-series,"Panavision product page; close focus/length converted cm->m/mm; squeeze, mount, image circle not stated; T3 version; squeeze not stated on spec page: Panavision anamorphic primes are 2x; mount not on spec page: Panavision lenses use the Panavision PV mount"
panavision_c_series_35_t2_3,Panavision,C Series,35,2.3,2,0.833,,152,2400,113,Panavision PV,S35,https://www.panavision.com/camera-and-optics/optics/product-detail/c-c-series,"Panavision product page; close focus/length converted cm->m/mm; squeeze, mount, image circle not stated; T2.3 version; squeeze not stated on spec page: Panavision anamorphic primes are 2x; mount not on spec page: Panavision lenses use the Panavision PV mount"
panavision_c_series_40,Panavision,C Series,40,2.8,2,0.762,,116,1700,95,Panavision PV,S35,https://www.panavision.com/camera-and-optics/optics/product-detail/c-c-series,"Panavision product page; close focus/length converted cm->m/mm; squeeze, mount, image circle not stated; squeeze not stated on spec page: Panavision anamorphic primes are 2x; mount not on spec page: Panavision lenses use the Panavision PV mount"
panavision_c_series_50,Panavision,C Series,50,2.3,2,0.762,,147,2400,95,Panavision PV,S35,https://www.panavision.com/camera-and-optics/optics/product-detail/c-c-series,"Panavision product page; close focus/length converted cm->m/mm; squeeze, mount, image circle not stated; squeeze not stated on spec page: Panavision anamorphic primes are 2x; mount not on spec page: Panavision lenses use the Panavision PV mount"
panavision_c_series_60,Panavision,C Series,60,2.8,2,0.5,,155,1800,95,Panavision PV,S35,https://www.panavision.com/camera-and-optics/optics/product-detail/c-c-series,"Panavision product page; close focus/length converted cm->m/mm; squeeze, mount, image circle not stated; squeeze not stated on spec page: Panavision anamorphic primes are 2x; mount not on spec page: Panavision lenses use the Panavision PV mount"
panavision_c_series_75,Panavision,C Series,75,2.5,2,1.372,,142,1600,73.7,Panavision PV,S35,https://www.panavision.com/camera-and-optics/optics/product-detail/c-c-series,"Panavision product page; close focus/length converted cm->m/mm; squeeze, mount, image circle not stated; squeeze not stated on spec page: Panavision anamorphic primes are 2x; mount not on spec page: Panavision lenses use the Panavision PV mount"
panavision_c_series_100,Panavision,C Series,100,2.8,2,1.372,,198,2100,73.7,Panavision PV,S35,https://www.panavision.com/camera-and-optics/optics/product-detail/c-c-series,"Panavision product page; close focus/length converted cm->m/mm; squeeze, mount, image circle not stated; DOUBT: page gives front 73.7mm (3.75in), units disagree; squeeze not stated on spec page: Panavision anamorphic primes are 2x; mount not on spec page: Panavision lenses use the Panavision PV mount"
panavision_c_series_150,Panavision,C Series,150,3.5,2,1.524,,256,3100,95,Panavision PV,S35,https://www.panavision.com/camera-and-optics/optics/product-detail/c-c-series,"Panavision product page; close focus/length converted cm->m/mm; squeeze, mount, image circle not stated; squeeze not stated on spec page: Panavision anamorphic primes are 2x; mount not on spec page: Panavision lenses use the Panavision PV mount"
panavision_c_series_180,Panavision,C Series,180,2.8,2,2.13,,315,3600,95,Panavision PV,S35,https://www.panavision.com/camera-and-optics/optics/product-detail/c-c-series,"Panavision product page; close focus/length converted cm->m/mm; squeeze, mount, image circle not stated; squeeze not stated on spec page: Panavision anamorphic primes are 2x; mount not on spec page: Panavision lenses use the Panavision PV mount"
panavision_e_series_28,Panavision,E Series,28,2.3,2,1.219,,243,4900,158,Panavision PV,S35,https://www.panavision.com/camera-and-optics/optics/product-detail/e-e-series,"Panavision product page; close focus/length converted cm->m/mm; squeeze, mount, image circle not stated; limited quantity; DOUBT: length 24.3cm vs 8in disagree; squeeze not stated on spec page: Panavision anamorphic primes are 2x; mount not on spec page: Panavision lenses use the Panavision PV mount"
panavision_e_series_35,Panavision,E Series,35,,2,1.067,,,,,Panavision PV,S35,https://www.panavision.com/camera-and-optics/optics/product-detail/e-e-series,"Panavision product page; close focus/length converted cm->m/mm; squeeze, mount, image circle not stated; page gives ranges: T2-2.3, 3.8-4.5 kg, 18.0-18.8 cm length, 142.9-174.6 mm front (multiple versions); close focus 106.7cm vs 42-48in; squeeze not stated on spec page: Panavision anamorphic primes are 2x; mount not on spec page: Panavision lenses use the Panavision PV mount"
panavision_e_series_40,Panavision,E Series,40,2,2,1.219,,172,3200,125.4,Panavision PV,S35,https://www.panavision.com/camera-and-optics/optics/product-detail/e-e-series,"Panavision product page; close focus/length converted cm->m/mm; squeeze, mount, image circle not stated; squeeze not stated on spec page: Panavision anamorphic primes are 2x; mount not on spec page: Panavision lenses use the Panavision PV mount"
panavision_e_series_50,Panavision,E Series,50,2,2,1.219,,185,3400,125.4,Panavision PV,S35,https://www.panavision.com/camera-and-optics/optics/product-detail/e-e-series,"Panavision product page; close focus/length converted cm->m/mm; squeeze, mount, image circle not stated; squeeze not stated on spec page: Panavision anamorphic primes are 2x; mount not on spec page: Panavision lenses use the Panavision PV mount"
panavision_e_series_75,Panavision,E Series,75,2,2,1.524,,190,2500,95.3,Panavision PV,S35,https://www.panavision.com/camera-and-optics/optics/product-detail/e-e-series,"Panavision product page; close focus/length converted cm->m/mm; squeeze, mount, image circle not stated; squeeze not stated on spec page: Panavision anamorphic primes are 2x; mount not on spec page: Panavision lenses use the Panavision PV mount"
panavision_e_series_100,Panavision,E Series,100,2.3,2,1.524,,213,2700,113,Panavision PV,S35,https://www.panavision.com/camera-and-optics/optics/product-detail/e-e-series,"Panavision product page; close focus/length converted cm->m/mm; squeeze, mount, image circle not stated; squeeze not stated on spec page: Panavision anamorphic primes are 2x; mount not on spec page: Panavision lenses use the Panavision PV mount"
panavision_e_series_135,Panavision,E Series,135,2.8,2,1.143,,269,3200,113,Panavision PV,S35,https://www.panavision.com/camera-and-optics/optics/product-detail/e-e-series,"Panavision product page; close focus/length converted cm->m/mm; squeeze, mount, image circle not stated; squeeze not stated on spec page: Panavision anamorphic primes are 2x; mount not on spec page: Panavision lenses use the Panavision PV mount"
panavision_e_series_180,Panavision,E Series,180,2.8,2,1.372,,289,3900,113,Panavision PV,S35,https://www.panavision.com/camera-and-optics/optics/product-detail/e-e-series,"Panavision product page; close focus/length converted cm->m/mm; squeeze, mount, image circle not stated; squeeze not stated on spec page: Panavision anamorphic primes are 2x; mount not on spec page: Panavision lenses use the Panavision PV mount"
panavision_g_series_25,Panavision,G Series,25,2.6,2,0.762,,137,2100,125,Panavision PV,S35,https://www.panavision.com/camera-and-optics/optics/product-detail/g-g-series,"Panavision product page; close focus/length converted cm->m/mm; squeeze, mount, image circle not stated; squeeze not stated on spec page: Panavision anamorphic primes are 2x; mount not on spec page: Panavision lenses use the Panavision PV mount"
panavision_g_series_30,Panavision,G Series,30,2.6,2,0.762,,137,2100,125,Panavision PV,S35,https://www.panavision.com/camera-and-optics/optics/product-detail/g-g-series,"Panavision product page; close focus/length converted cm->m/mm; squeeze, mount, image circle not stated; squeeze not stated on spec page: Panavision anamorphic primes are 2x; mount not on spec page: Panavision lenses use the Panavision PV mount"
panavision_g_series_35,Panavision,G Series,35,2.6,2,0.914,,152,2400,113,Panavision PV,S35,https://www.panavision.com/camera-and-optics/optics/product-detail/g-g-series,"Panavision product page; close focus/length converted cm->m/mm; squeeze, mount, image circle not stated; DOUBT: page gives 2.4kg (4.4lbs), units disagree; squeeze not stated on spec page: Panavision anamorphic primes are 2x; mount not on spec page: Panavision lenses use the Panavision PV mount"
panavision_g_series_40,Panavision,G Series,40,2.6,2,0.914,,132,1900,113,Panavision PV,S35,https://www.panavision.com/camera-and-optics/optics/product-detail/g-g-series,"Panavision product page; close focus/length converted cm->m/mm; squeeze, mount, image circle not stated; squeeze not stated on spec page: Panavision anamorphic primes are 2x; mount not on spec page: Panavision lenses use the Panavision PV mount"
panavision_g_series_50,Panavision,G Series,50,2.6,2,0.914,,154,2400,113,Panavision PV,S35,https://www.panavision.com/camera-and-optics/optics/product-detail/g-g-series,"Panavision product page; close focus/length converted cm->m/mm; squeeze, mount, image circle not stated; DOUBT: page gives 2.4kg (4.4lbs), units disagree; squeeze not stated on spec page: Panavision anamorphic primes are 2x; mount not on spec page: Panavision lenses use the Panavision PV mount"
panavision_g_series_60,Panavision,G Series,60,2.6,2,0.914,,157,1800,113,Panavision PV,S35,https://www.panavision.com/camera-and-optics/optics/product-detail/g-g-series,"Panavision product page; close focus/length converted cm->m/mm; squeeze, mount, image circle not stated; squeeze not stated on spec page: Panavision anamorphic primes are 2x; mount not on spec page: Panavision lenses use the Panavision PV mount"
panavision_g_series_75,Panavision,G Series,75,2.6,2,0.914,,160,1700,113,Panavision PV,S35,https://www.panavision.com/camera-and-optics/optics/product-detail/g-g-series,"Panavision product page; close focus/length converted cm->m/mm; squeeze, mount, image circle not stated; squeeze not stated on spec page: Panavision anamorphic primes are 2x; mount not on spec page: Panavision lenses use the Panavision PV mount"
panavision_g_series_100,Panavision,G Series,100,3,2,0.914,,198,2400,113,Panavision PV,S35,https://www.panavision.com/camera-and-optics/optics/product-detail/g-g-series,"Panavision product page; close focus/length converted cm->m/mm; squeeze, mount, image circle not stated; DOUBT: page gives 2.4kg (4.5lbs), units disagree; squeeze not stated on spec page: Panavision anamorphic primes are 2x; mount not on spec page: Panavision lenses use the Panavision PV mount"
panavision_t_series_28,Panavision,T Series,28,2.3,2,0.6096,,139.7,2760,113,Panavision PV,S35,https://www.panavision.com/products/t-series-anamorphic-lenses,"Panavision product page; close focus/length converted cm->m/mm; squeeze, mount, image circle not stated; squeeze not stated on spec page: Panavision anamorphic primes are 2x; mount not on spec page: Panavision lenses use the Panavision PV mount"
panavision_t_series_35,Panavision,T Series,35,2.3,2,0.6096,,162.6,2960,113,Panavision PV,S35,https://www.panavision.com/products/t-series-anamorphic-lenses,"Panavision product page; close focus/length converted cm->m/mm; squeeze, mount, image circle not stated; squeeze not stated on spec page: Panavision anamorphic primes are 2x; mount not on spec page: Panavision lenses use the Panavision PV mount"
panavision_t_series_40,Panavision,T Series,40,2.3,2,0.4572,,154.9,2760,113,Panavision PV,S35,https://www.panavision.com/products/t-series-anamorphic-lenses,"Panavision product page; close focus/length converted cm->m/mm; squeeze, mount, image circle not stated; squeeze not stated on spec page: Panavision anamorphic primes are 2x; mount not on spec page: Panavision lenses use the Panavision PV mount"
panavision_t_series_50,Panavision,T Series,50,2.3,2,0.6096,,170.2,2760,113,Panavision PV,S35,https://www.panavision.com/products/t-series-anamorphic-lenses,"Panavision product page; close focus/length converted cm->m/mm; squeeze, mount, image circle not stated; squeeze not stated on spec page: Panavision anamorphic primes are 2x; mount not on spec page: Panavision lenses use the Panavision PV mount"
panavision_t_series_60,Panavision,T Series,60,2.3,2,0.4572,,157.5,2240,113,Panavision PV,S35,https://www.panavision.com/products/t-series-anamorphic-lenses,"Panavision product page; close focus/length converted cm->m/mm; squeeze, mount, image circle not stated; squeeze not stated on spec page: Panavision anamorphic primes are 2x; mount not on spec page: Panavision lenses use the Panavision PV mount"
panavision_t_series_75,Panavision,T Series,75,2.3,2,0.6096,,177.8,2430,113,Panavision PV,S35,https://www.panavision.com/products/t-series-anamorphic-lenses,"Panavision product page; close focus/length converted cm->m/mm; squeeze, mount, image circle not stated; squeeze not stated on spec page: Panavision anamorphic primes are 2x; mount not on spec page: Panavision lenses use the Panavision PV mount"
panavision_t_series_100,Panavision,T Series,100,2.3,2,0.6096,,195.6,2140,113,Panavision PV,S35,https://www.panavision.com/products/t-series-anamorphic-lenses,"Panavision product page; close focus/length converted cm->m/mm; squeeze, mount, image circle not stated; squeeze not stated on spec page: Panavision anamorphic primes are 2x; mount not on spec page: Panavision lenses use the Panavision PV mount"
panavision_t_series_135,Panavision,T Series,135,2.3,2,0.8382,,254,3270,113,Panavision PV,S35,https://www.panavision.com/products/t-series-anamorphic-lenses,"Panavision product page; close focus/length converted cm->m/mm; squeeze, mount, image circle not stated; squeeze not stated on spec page: Panavision anamorphic primes are 2x; mount not on spec page: Panavision lenses use the Panavision PV mount"
panavision_t_series_150,Panavision,T Series,150,3.1,2,1.0668,,269.2,3570,113,Panavision PV,S35,https://www.panavision.com/products/t-series-anamorphic-lenses,"Panavision product page; close focus/length converted cm->m/mm; squeeze, mount, image circle not stated; DOUBT: older Panavision T-series page lists 3.5 kg; squeeze not stated on spec page: Panavision anamorphic primes are 2x; mount not on spec page: Panavision lenses use the Panavision PV mount"
panavision_t_series_180,Panavision,T Series,180,2.8,2,1.0668,,284.5,3570,113,Panavision PV,S35,https://www.panavision.com/products/t-series-anamorphic-lenses,"Panavision product page; close focus/length converted cm->m/mm; squeeze, mount, image circle not stated; DOUBT: older Panavision T-series page lists 3.5 kg; squeeze not stated on spec page: Panavision anamorphic primes are 2x; mount not on spec page: Panavision lenses use the Panavision PV mount"
servicevision_scorpio_ffa_20,Servicevision,Scorpio Anamorphic FFA 2x,20,2.8,2,0.4,,,2450,95,PL,S35,https://scorpio.servicevision.es/es/producto/cameras-en/lenses-en/anamorficos-full-frame-lenses-en/scorpio-lens-anamorphic-ffa-2x/,kg->g. Listed as 'Anamorphic 2x' (not FFA) on FFA page; coverage not stated - format doubtful.
servicevision_scorpio_ffa_25,Servicevision,Scorpio Anamorphic FFA 2x,25,2.2,2,0.45,,,2400,95,PL,S35,https://scorpio.servicevision.es/es/producto/cameras-en/lenses-en/anamorficos-full-frame-lenses-en/scorpio-lens-anamorphic-ffa-2x/,kg->g. Listed as 'Anamorphic 2x' (not FFA) on FFA page; coverage not stated - format doubtful.
servicevision_scorpio_ffa_35,Servicevision,Scorpio Anamorphic FFA 2x,35,2.2,2,0.45,,,2050,95,PL,FF,https://scorpio.servicevision.es/es/producto/cameras-en/lenses-en/anamorficos-full-frame-lenses-en/scorpio-lens-anamorphic-ffa-2x/,kg->g.
servicevision_scorpio_ffa_40,Servicevision,Scorpio Anamorphic FFA 2x,40,2.2,2,0.5,,,2100,95,PL,FF,https://scorpio.servicevision.es/es/producto/cameras-en/lenses-en/anamorficos-full-frame-lenses-en/scorpio-lens-anamorphic-ffa-2x/,kg->g.
servicevision_scorpio_ffa_50,Servicevision,Scorpio Anamorphic FFA 2x,50,2.2,2,0.55,,,2050,95,PL,FF,https://scorpio.servicevision.es/es/producto/cameras-en/lenses-en/anamorficos-full-frame-lenses-en/scorpio-lens-anamorphic-ffa-2x/,kg->g.
servicevision_scorpio_ffa_60,Servicevision,Scorpio Anamorphic FFA 2x,60,2.8,2,0.3,,,2600,95,PL,FF,https://scorpio.servicevision.es/es/producto/cameras-en/lenses-en/anamorficos-full-frame-lenses-en/scorpio-lens-anamorphic-ffa-2x/,kg->g. 60mm Macro.
servicevision_scorpio_ffa_75,Servicevision,Scorpio Anamorphic FFA 2x,75,2.2,2,0.75,,,2150,95,PL,FF,https://scorpio.servicevision.es/es/producto/cameras-en/lenses-en/anamorficos-full-frame-lenses-en/scorpio-lens-anamorphic-ffa-2x/,kg->g.
servicevision_scorpio_ffa_100,Servicevision,Scorpio Anamorphic FFA 2x,100,2.2,2,1,,,2200,95,PL,FF,https://scorpio.servicevision.es/es/producto/cameras-en/lenses-en/anamorficos-full-frame-lenses-en/scorpio-lens-anamorphic-ffa-2x/,kg->g.
servicevision_scorpio_ffa_135,Servicevision,Scorpio Anamorphic FFA 2x,135,2.2,2,1,,,2150,95,PL,FF,https://scorpio.servicevision.es/es/producto/cameras-en/lenses-en/anamorficos-full-frame-lenses-en/scorpio-lens-anamorphic-ffa-2x/,kg->g.
servicevision_scorpio_ffa_150,Servicevision,Scorpio Anamorphic FFA 2x,150,2.8,2,1,,,2400,95,PL,FF,https://scorpio.servicevision.es/es/producto/cameras-en/lenses-en/anamorficos-full-frame-lenses-en/scorpio-lens-anamorphic-ffa-2x/,kg->g.
sirui_1_33x_apsc_24,SIRUI,1.33x APS-C anamorphic,24,2.8,1.33,0.6,,128.1,810,,MFT;E-Mount;X-Mount;EF-M;Nikon Z;L-Mount;RF,APS-C,https://store.sirui.com/pages/lens-spec-table,"f/2.8 (f-stop, not T-stop); length 124.9-128.1mm / weight 770-810g across mounts (max shown); 72mm filter; L/RF from product page sirui-24mm-anamorphic-lens"
sirui_1_33x_apsc_35,SIRUI,1.33x APS-C anamorphic,35,1.8,1.33,0.85,,117,700,,MFT;E-Mount;EF-M;Nikon Z;L-Mount;RF;X-Mount,MFT,https://store.sirui.com/pages/lens-spec-table,f/1.8 (f-stop); SIRUI lists coverage as M4/3; 67mm filter
sirui_1_33x_apsc_50,SIRUI,1.33x APS-C anamorphic,50,1.8,1.33,0.85,,106.6,560,68.2,E-Mount;L-Mount;RF;X-Mount;MFT,APS-C,https://store.sirui.com/products/sirui-50mm-f1-8-anamorphic-lens-1-33x,f/1.8 (f-stop); length without cap; 68.2mm = max case diameter; 67mm filter
sirui_1_33x_apsc_75,SIRUI,1.33x APS-C anamorphic,75,1.8,1.33,1.2,,,,,E-Mount;RF;Nikon Z;X-Mount;EF-M;MFT,APS-C,https://store.sirui.com/pages/lens-spec-table,f/1.8 (f-stop); length/weight not listed; mounts from product page 75mm-anamorphic-lens-aps-c; 67mm filter
sirui_1_33x_s35_af_20,SIRUI,1.33x S35 AF anamorphic,20,1.8,1.33,0.4,,90.95,489.3,86.4,E-Mount;X-Mount;Nikon Z;L-Mount;MFT,S35,https://store.sirui.com/products/sirui-20mm-t1-8-1-33x-s35-af-anamorphic-lens,Autofocus; length/weight E-mount; 77mm filter
sirui_1_33x_s35_af_40,SIRUI,1.33x S35 AF anamorphic,40,1.8,1.33,0.6,,123,633,86.4,E-Mount;X-Mount;Nikon Z;L-Mount;MFT,S35,https://store.sirui.com/products/sirui-40mm-t1-8-1-33x-s35-frame-autofocus-anamorphic-lens,"Autofocus; length/weight E-mount (L 120.9/635.6, X 123.3/628.5, MFT 121.8/623); 77mm filter"
sirui_astra_50,SIRUI,Astra 1.33x AF,50,1.8,1.33,0.5,,131,620,72,E-Mount;L-Mount;Nikon Z,FF,https://store.sirui.com/products/sirui-astra-series-1-33x-full-frame-auto-focus-anamorphic-cine-lens,Autofocus; length/weight E-mount; 67mm filter
sirui_astra_75,SIRUI,Astra 1.33x AF,75,1.8,1.33,0.6,,131,650,72,E-Mount;L-Mount;Nikon Z,FF,https://store.sirui.com/products/sirui-astra-series-1-33x-full-frame-auto-focus-anamorphic-cine-lens,Autofocus; length/weight E-mount; 67mm filter
sirui_astra_100,SIRUI,Astra 1.33x AF,100,1.8,1.33,0.7,,135.3,700,72,E-Mount;L-Mount;Nikon Z,FF,https://store.sirui.com/products/sirui-astra-series-1-33x-full-frame-auto-focus-anamorphic-cine-lens,Autofocus; length/weight E-mount; 67mm filter
sirui_ironstar_35,SIRUI,IronStar 1.5x,35,1.9,1.5,0.65,46,123,1024,95,PL;EF,FF,https://store.sirui.com/products/sirui-ironstar-1-5x-anamorphic-cine-lens-series,Length/weight PL; 92mm filter
sirui_ironstar_45,SIRUI,IronStar 1.5x,45,1.9,1.5,0.65,46,129.5,1020,95,PL;EF,FF,https://store.sirui.com/products/sirui-ironstar-1-5x-anamorphic-cine-lens-series,Length/weight PL; 92mm filter
sirui_ironstar_60,SIRUI,IronStar 1.5x,60,1.9,1.5,0.78,46,134,1044.6,95,PL;EF,FF,https://store.sirui.com/products/sirui-ironstar-1-5x-anamorphic-cine-lens-series,Length/weight PL; 92mm filter
sirui_ironstar_75,SIRUI,IronStar 1.5x,75,1.9,1.5,0.8,46,135.4,1178,95,PL;EF,FF,https://store.sirui.com/products/sirui-ironstar-75-100-135mm-t1-9-1-5x-full-frame-anamorphic-cine-lens,Length/weight PL; 92mm filter
sirui_ironstar_100,SIRUI,IronStar 1.5x,100,2.8,1.5,0.3,46,145.5,1109,95,PL;EF,FF,https://store.sirui.com/products/sirui-ironstar-75-100-135mm-t1-9-1-5x-full-frame-anamorphic-cine-lens,Macro; T2.8 per spec table though product title says T1.9; Length/weight PL; 92mm filter
sirui_ironstar_135,SIRUI,IronStar 1.5x,135,2.8,1.5,0.8,46,133,1135,95,PL;EF,FF,https://store.sirui.com/products/sirui-ironstar-75-100-135mm-t1-9-1-5x-full-frame-anamorphic-cine-lens,T2.8 per spec table though product title says T1.9; Length/weight PL; 92mm filter
sirui_mars_24,SIRUI,MARS 1.33x,24,2.9,1.33,,,,,,MFT,MFT,https://store.sirui.com/products/sirui-mars-1-33x-anamorphic-lens-set-for-micro-4-3,Cine-housed MFT set; only T-stop/format published (also in https://store.sirui.com/pages/lens-spec-table)
sirui_mars_35,SIRUI,MARS 1.33x,35,2,1.33,,,,,,MFT,MFT,https://store.sirui.com/products/sirui-mars-1-33x-anamorphic-lens-set-for-micro-4-3,Cine-housed MFT set; only T-stop/format published (also in https://store.sirui.com/pages/lens-spec-table)
sirui_mars_50,SIRUI,MARS 1.33x,50,2,1.33,,,,,,MFT,MFT,https://store.sirui.com/products/sirui-mars-1-33x-anamorphic-lens-set-for-micro-4-3,Cine-housed MFT set; only T-stop/format published (also in https://store.sirui.com/pages/lens-spec-table)
sirui_mars_75,SIRUI,MARS 1.33x,75,2,1.33,,,,,,MFT,MFT,https://store.sirui.com/products/sirui-mars-1-33x-anamorphic-lens-set-for-micro-4-3,Cine-housed MFT set; only T-stop/format published (also in https://store.sirui.com/pages/lens-spec-table)
sirui_saturn_35,SIRUI,Saturn 1.6x,35,2.9,1.6,0.9,,100,390,,E-Mount;RF;L-Mount;X-Mount;DJI DL,FF,https://store.sirui.com/products/saturn-35mm-50mm-75mm-full-frame-carbon-fiber-anamorphic-lens,"Length/weight = E-mount per Saturn set page; SIRUI spec table instead lists E 102mm/415g (DL 103/390, RF 100/425); MFD from 35mm product page; 58mm filter"
sirui_saturn_50,SIRUI,Saturn 1.6x,50,2.9,1.6,0.9,,109,455,,E-Mount;RF;L-Mount;X-Mount;DJI DL,FF,https://store.sirui.com/products/saturn-35mm-50mm-75mm-full-frame-carbon-fiber-anamorphic-lens,Length/weight E-mount; MFD 0.9m is series value from SIRUI Saturn vs Venus guide (https://store.sirui.com/blogs/guides/sirui-saturn-vs-venus-anamorphic-lens-comparison); 62mm filter
sirui_saturn_75,SIRUI,Saturn 1.6x,75,2.9,1.6,0.9,,112,465,,E-Mount;RF;L-Mount;X-Mount;DJI DL,FF,https://store.sirui.com/products/saturn-35mm-50mm-75mm-full-frame-carbon-fiber-anamorphic-lens,Length/weight E-mount; MFD 0.9m is series value from SIRUI Saturn vs Venus guide; 62mm filter
sirui_venus_35,SIRUI,Venus 1.6x,35,2.9,1.6,0.9,,121.1,971,,E-Mount;RF;L-Mount;Nikon Z,FF,https://store.sirui.com/pages/lens-spec-table,Length 117.7-121.1mm / weight 929-971g across mounts (max shown); 82mm filter; 88mm focus-ring dia
sirui_venus_50,SIRUI,Venus 1.6x,50,2.9,1.6,0.75,,142.9,1073.6,,E-Mount;RF;L-Mount;Nikon Z,FF,https://store.sirui.com/pages/lens-spec-table,Length 140-142.9mm / weight 1030.6-1073.6g across mounts (max shown); 82mm filter; product page says MFD 2.5ft
sirui_venus_75,SIRUI,Venus 1.6x,75,2.9,1.6,0.85,,157.5,1401,,E-Mount;RF;L-Mount;Nikon Z,FF,https://store.sirui.com/pages/lens-spec-table,Length 153.5-157.5mm / weight 1365-1401g across mounts (max shown); 82mm filter
sirui_venus_100,SIRUI,Venus 1.6x,100,2.9,1.6,0.9,,164,1499,,E-Mount;RF;L-Mount;Nikon Z,FF,https://store.sirui.com/pages/lens-spec-table,DOUBTFUL length: source lists '164mm~157.5mm' (likely typo); weight 1477-1499g across mounts (max shown); 82mm filter
sirui_venus_135,SIRUI,Venus 1.6x,135,2.9,1.8,0.9,,177,1311,85,E-Mount;RF;L-Mount;Nikon Z,FF,https://store.sirui.com/products/sirui-135mm-t2-9-1-8x-full-frame-anamorphic-lens,1.8x squeeze (not 1.6x); length 173-177mm / weight 1294-1311g across mounts from https://store.sirui.com/pages/lens-spec-table (max shown); 82mm thread
sirui_venus_150,SIRUI,Venus 1.6x,150,2.9,1.6,0.58,,,,,E-Mount;RF;L-Mount;Nikon Z,FF,https://store.sirui.com/products/venus-150mm-t2-9-1-6x-full-frame-anamorphic-lens,Length/weight not published in text; 82mm filter
viltrox_epic_25,Viltrox,EPIC 1.33x,25,2,1.33,0.51,,151.6,2024,102,PL,FF,https://viltrox.com/products/viltrox-epic-anamorphic-50mm-t2-0-1-33x-cine-lens-pl-mount-1,"MFD converted from feet (source gives ft only); length/weight PL, weight approx"
viltrox_epic_35,Viltrox,EPIC 1.33x,35,2,1.33,0.79,,133,1980,102,PL;E-Mount;L-Mount;RF,FF,https://viltrox.com/products/viltrox-epic-anamorphic-50mm-t2-0-1-33x-cine-lens-pl-mount-1,"MFD converted from feet (source gives ft only); length/weight PL, weight approx"
viltrox_epic_50,Viltrox,EPIC 1.33x,50,2,1.33,0.79,,133,1980,102,PL;E-Mount;L-Mount;RF,FF,https://viltrox.com/products/viltrox-epic-anamorphic-50mm-t2-0-1-33x-cine-lens-pl-mount-1,"MFD converted from feet (source gives ft only); length/weight PL, weight approx"
viltrox_epic_65,Viltrox,EPIC 1.33x,65,2.8,1.33,0.41,,179.1,2000,102,PL,FF,https://viltrox.com/products/viltrox-epic-anamorphic-50mm-t2-0-1-33x-cine-lens-pl-mount-1,"MFD converted from feet (source gives ft only); length/weight PL, weight approx"
viltrox_epic_75,Viltrox,EPIC 1.33x,75,2,1.33,0.99,,133,1980,102,PL;E-Mount;L-Mount;RF,FF,https://viltrox.com/products/viltrox-epic-anamorphic-50mm-t2-0-1-33x-cine-lens-pl-mount-1,"MFD converted from feet (source gives ft only); length/weight PL, weight approx"
viltrox_epic_100,Viltrox,EPIC 1.33x,100,2,1.33,0.84,,180,2690,102,PL,FF,https://viltrox.com/products/viltrox-epic-anamorphic-50mm-t2-0-1-33x-cine-lens-pl-mount-1,"MFD converted from feet (source gives ft only); length/weight PL, weight approx"
viltrox_epic_135,Viltrox,EPIC 1.33x,135,2.4,1.33,1.02,,184.6,2098,102,PL,FF,https://viltrox.com/products/viltrox-epic-anamorphic-50mm-t2-0-1-33x-cine-lens-pl-mount-1,"MFD converted from feet (source gives ft only); length/weight PL, weight approx"
